=== PROTOCOL V2 iter_106_focus_rnn_nopretrain_es_full_s42_v2_dev_loso_all_p5 ===
time: 2026-08-07T02:47:12.051284 | role: dev
device: cuda (NVIDIA GeForce RTX 3060)
platform: Windows-10-10.0.26200-SP0 | torch 2.6.0+cu124
loading 246 cached arrays
segmentation attention: 6 region per sampel dari regionmask144 (mode=static)
fixed split loaded: 21 development subjects, 5 sealed audit subjects
!! LOSO over ALL 26 subjects -- AUDIT SEAL BROKEN. This number is comparable to published LOSO results, and the audit split can no longer serve as an untouched final check.
fold 1/26: 25 train subjects / 1 validation subjects; 237 train / 9 validation samples
      [early-stop] inner-val subjects=[9, 11, 17, 18, 21, 22] n_fit=173 n_check=64
      [probe] ep00 train_loss=1.6949 train_acc=0.272 check=-1.6104 best=-1.6104@ep00
      [probe] ep01 train_loss=1.6074 train_acc=0.364 check=-1.3348 best=-1.3348@ep01
      [probe] ep02 train_loss=1.4369 train_acc=0.491 check=-1.2803 best=-1.2803@ep02
      [probe] ep03 train_loss=1.4711 train_acc=0.387 check=-1.1648 best=-1.1648@ep03
      [probe] ep04 train_loss=1.4118 train_acc=0.474 check=-1.1242 best=-1.1242@ep04
      [probe] ep05 train_loss=1.3887 train_acc=0.434 check=-1.1995 best=-1.1242@ep04
      [probe] ep06 train_loss=1.3373 train_acc=0.509 check=-1.1512 best=-1.1242@ep04
      [probe] ep07 train_loss=1.3405 train_acc=0.468 check=-1.1859 best=-1.1242@ep04
      [probe] ep08 train_loss=1.3928 train_acc=0.422 check=-1.1397 best=-1.1242@ep04
      [probe] ep09 train_loss=1.2293 train_acc=0.549 check=-1.0844 best=-1.0844@ep09
      [probe] ep10 train_loss=1.3729 train_acc=0.532 check=-1.0935 best=-1.0844@ep09
      [probe] ep11 train_loss=1.2632 train_acc=0.618 check=-0.9306 best=-0.9306@ep11
      [probe] ep12 train_loss=1.2317 train_acc=0.601 check=-1.1482 best=-0.9306@ep11
      [probe] ep13 train_loss=1.1469 train_acc=0.590 check=-0.9655 best=-0.9306@ep11
      [probe] ep14 train_loss=1.1026 train_acc=0.578 check=-1.1343 best=-0.9306@ep11
      [probe] ep15 train_loss=1.1150 train_acc=0.682 check=-1.1608 best=-0.9306@ep11
      [probe] ep16 train_loss=1.0494 train_acc=0.665 check=-1.0246 best=-0.9306@ep11
      [probe] ep17 train_loss=1.1432 train_acc=0.624 check=-0.9021 best=-0.9021@ep17
      [probe] ep18 train_loss=1.0430 train_acc=0.676 check=-0.8922 best=-0.8922@ep18
      [probe] ep19 train_loss=1.0430 train_acc=0.705 check=-0.8650 best=-0.8650@ep19
      [probe] ep20 train_loss=1.0593 train_acc=0.665 check=-0.8952 best=-0.8650@ep19
      [probe] ep21 train_loss=1.0889 train_acc=0.653 check=-0.8083 best=-0.8083@ep21
      [probe] ep22 train_loss=1.0401 train_acc=0.717 check=-0.9031 best=-0.8083@ep21
      [probe] ep23 train_loss=1.0940 train_acc=0.746 check=-0.8753 best=-0.8083@ep21
      [probe] ep24 train_loss=0.9869 train_acc=0.746 check=-0.9385 best=-0.8083@ep21
      [probe] ep25 train_loss=0.9586 train_acc=0.740 check=-1.0005 best=-0.8083@ep21
      [probe] ep26 train_loss=0.9209 train_acc=0.746 check=-0.9758 best=-0.8083@ep21
      [probe] ep27 train_loss=0.9531 train_acc=0.746 check=-0.9345 best=-0.8083@ep21
      [probe] ep28 train_loss=0.9163 train_acc=0.775 check=-0.8583 best=-0.8083@ep21
      [probe] ep29 train_loss=0.8880 train_acc=0.780 check=-0.9730 best=-0.8083@ep21
      [probe] ep30 train_loss=0.9000 train_acc=0.763 check=-0.7879 best=-0.7879@ep30
      [probe] ep31 train_loss=0.8374 train_acc=0.844 check=-1.0392 best=-0.7879@ep30
      [probe] ep32 train_loss=0.8932 train_acc=0.815 check=-0.9972 best=-0.7879@ep30
      [probe] ep33 train_loss=0.8271 train_acc=0.832 check=-0.9250 best=-0.7879@ep30
      [probe] ep34 train_loss=0.8348 train_acc=0.803 check=-0.9559 best=-0.7879@ep30
      [probe] ep35 train_loss=0.7777 train_acc=0.884 check=-0.9237 best=-0.7879@ep30
      [probe] ep36 train_loss=0.8125 train_acc=0.815 check=-1.0220 best=-0.7879@ep30
      [probe] ep37 train_loss=0.8276 train_acc=0.884 check=-0.9067 best=-0.7879@ep30
      [probe] ep38 train_loss=0.7973 train_acc=0.879 check=-1.0118 best=-0.7879@ep30
      [probe] ep39 train_loss=0.8213 train_acc=0.850 check=-0.9335 best=-0.7879@ep30
      [probe] ep40 train_loss=0.7795 train_acc=0.867 check=-0.8817 best=-0.7879@ep30
      [probe] ep41 train_loss=0.8111 train_acc=0.850 check=-0.9360 best=-0.7879@ep30
      [probe] ep42 train_loss=0.7905 train_acc=0.867 check=-0.8833 best=-0.7879@ep30
      [probe] refit epochs = 31 (check=-0.7879)
      ep00 train_loss=1.6251 train_acc=0.325 | val_loss=2.5030 val_acc=0.111
      ep01 train_loss=1.4892 train_acc=0.359 | val_loss=1.3688 val_acc=0.333
      ep02 train_loss=1.4318 train_acc=0.405 | val_loss=1.5284 val_acc=0.000
      ep03 train_loss=1.4003 train_acc=0.426 | val_loss=1.2770 val_acc=0.444
      ep04 train_loss=1.3135 train_acc=0.477 | val_loss=1.3507 val_acc=0.333
      ep05 train_loss=1.2267 train_acc=0.498 | val_loss=1.0293 val_acc=0.556
      ep06 train_loss=1.2297 train_acc=0.523 | val_loss=1.0771 val_acc=0.444
      ep07 train_loss=1.1661 train_acc=0.574 | val_loss=1.0717 val_acc=0.556
      ep08 train_loss=1.1487 train_acc=0.561 | val_loss=1.3000 val_acc=0.333
      ep09 train_loss=1.0967 train_acc=0.637 | val_loss=1.4173 val_acc=0.444
      ep10 train_loss=1.1148 train_acc=0.544 | val_loss=1.0543 val_acc=0.333
      ep11 train_loss=1.0422 train_acc=0.667 | val_loss=1.1720 val_acc=0.333
      ep12 train_loss=1.0628 train_acc=0.671 | val_loss=1.4941 val_acc=0.111
      ep13 train_loss=1.0172 train_acc=0.616 | val_loss=1.0158 val_acc=0.444
      ep14 train_loss=1.0076 train_acc=0.620 | val_loss=0.9439 val_acc=0.556
      ep15 train_loss=0.9644 train_acc=0.700 | val_loss=1.2342 val_acc=0.444
      ep16 train_loss=0.9655 train_acc=0.717 | val_loss=1.1185 val_acc=0.556
      ep17 train_loss=0.9614 train_acc=0.700 | val_loss=1.4659 val_acc=0.444
      ep18 train_loss=0.8818 train_acc=0.730 | val_loss=1.1907 val_acc=0.444
      ep19 train_loss=0.8915 train_acc=0.759 | val_loss=1.1454 val_acc=0.444
      ep20 train_loss=0.9060 train_acc=0.751 | val_loss=1.0599 val_acc=0.444
      ep21 train_loss=0.8492 train_acc=0.797 | val_loss=1.0997 val_acc=0.444
      ep22 train_loss=0.8189 train_acc=0.781 | val_loss=1.0815 val_acc=0.556
      ep23 train_loss=0.8259 train_acc=0.802 | val_loss=1.0723 val_acc=0.444
      ep24 train_loss=0.8126 train_acc=0.776 | val_loss=1.1380 val_acc=0.444
      ep25 train_loss=0.7909 train_acc=0.802 | val_loss=1.1802 val_acc=0.444
      ep26 train_loss=0.7935 train_acc=0.806 | val_loss=1.1622 val_acc=0.333
      ep27 train_loss=0.7871 train_acc=0.827 | val_loss=1.1714 val_acc=0.333
      ep28 train_loss=0.7780 train_acc=0.844 | val_loss=1.2006 val_acc=0.333
      saved re-evaluation checkpoint fold0_ep28.pt
      ep29 train_loss=0.7617 train_acc=0.819 | val_loss=1.1471 val_acc=0.333
      saved re-evaluation checkpoint fold0_ep29.pt
      ep30 train_loss=0.7647 train_acc=0.810 | val_loss=1.1261 val_acc=0.333
      saved re-evaluation checkpoint fold0_ep30.pt
fold result: UF1=0.1600 UAR=0.1667 ACC=0.3333
fold 2/26: 25 train subjects / 1 validation subjects; 233 train / 13 validation samples
      [early-stop] inner-val subjects=[9, 11, 17, 18, 21, 22] n_fit=169 n_check=64
      [probe] ep00 train_loss=1.8241 train_acc=0.331 check=-1.5844 best=-1.5844@ep00
      [probe] ep01 train_loss=1.7968 train_acc=0.325 check=-1.3822 best=-1.3822@ep01
      [probe] ep02 train_loss=1.7531 train_acc=0.361 check=-1.2507 best=-1.2507@ep02
      [probe] ep03 train_loss=1.7041 train_acc=0.355 check=-1.1815 best=-1.1815@ep03
      [probe] ep04 train_loss=1.6545 train_acc=0.391 check=-1.4108 best=-1.1815@ep03
      [probe] ep05 train_loss=1.5754 train_acc=0.426 check=-1.2742 best=-1.1815@ep03
      [probe] ep06 train_loss=1.6234 train_acc=0.467 check=-1.2192 best=-1.1815@ep03
      [probe] ep07 train_loss=1.5948 train_acc=0.456 check=-1.2409 best=-1.1815@ep03
      [probe] ep08 train_loss=1.5790 train_acc=0.396 check=-1.1709 best=-1.1709@ep08
      [probe] ep09 train_loss=1.4967 train_acc=0.497 check=-1.1674 best=-1.1674@ep09
      [probe] ep10 train_loss=1.4698 train_acc=0.509 check=-1.0859 best=-1.0859@ep10
      [probe] ep11 train_loss=1.4342 train_acc=0.556 check=-1.0849 best=-1.0849@ep11
      [probe] ep12 train_loss=1.4509 train_acc=0.574 check=-1.0573 best=-1.0573@ep12
      [probe] ep13 train_loss=1.3880 train_acc=0.521 check=-1.0893 best=-1.0573@ep12
      [probe] ep14 train_loss=1.3782 train_acc=0.562 check=-1.0868 best=-1.0573@ep12
      [probe] ep15 train_loss=1.3235 train_acc=0.574 check=-1.1654 best=-1.0573@ep12
      [probe] ep16 train_loss=1.2468 train_acc=0.609 check=-0.9065 best=-0.9065@ep16
      [probe] ep17 train_loss=1.2717 train_acc=0.639 check=-0.8843 best=-0.8843@ep17
      [probe] ep18 train_loss=1.2950 train_acc=0.633 check=-1.0166 best=-0.8843@ep17
      [probe] ep19 train_loss=1.2387 train_acc=0.651 check=-0.9003 best=-0.8843@ep17
      [probe] ep20 train_loss=1.2724 train_acc=0.651 check=-0.9090 best=-0.8843@ep17
      [probe] ep21 train_loss=1.2408 train_acc=0.669 check=-1.0631 best=-0.8843@ep17
      [probe] ep22 train_loss=1.2592 train_acc=0.692 check=-1.0197 best=-0.8843@ep17
      [probe] ep23 train_loss=1.1866 train_acc=0.627 check=-0.8766 best=-0.8766@ep23
      [probe] ep24 train_loss=1.2685 train_acc=0.686 check=-1.0070 best=-0.8766@ep23
      [probe] ep25 train_loss=1.2065 train_acc=0.657 check=-0.9665 best=-0.8766@ep23
      [probe] ep26 train_loss=1.2959 train_acc=0.592 check=-0.8973 best=-0.8766@ep23
      [probe] ep27 train_loss=1.2523 train_acc=0.639 check=-0.8785 best=-0.8766@ep23
      [probe] ep28 train_loss=1.2134 train_acc=0.663 check=-0.8766 best=-0.8766@ep23
      [probe] ep29 train_loss=1.1223 train_acc=0.722 check=-0.9248 best=-0.8766@ep23
      [probe] ep30 train_loss=1.0804 train_acc=0.793 check=-0.9961 best=-0.8766@ep23
      [probe] ep31 train_loss=1.1255 train_acc=0.728 check=-0.9443 best=-0.8766@ep23
      [probe] ep32 train_loss=1.1047 train_acc=0.799 check=-1.0484 best=-0.8766@ep23
      [probe] ep33 train_loss=1.1282 train_acc=0.734 check=-0.9988 best=-0.8766@ep23
      [probe] ep34 train_loss=1.0542 train_acc=0.811 check=-0.9582 best=-0.8766@ep23
      [probe] ep35 train_loss=1.0494 train_acc=0.769 check=-0.9697 best=-0.8766@ep23
      [probe] refit epochs = 24 (check=-0.8766)
      ep00 train_loss=1.6611 train_acc=0.262 | val_loss=1.3510 val_acc=0.615
      ep01 train_loss=1.5477 train_acc=0.408 | val_loss=1.1467 val_acc=0.462
      ep02 train_loss=1.4840 train_acc=0.395 | val_loss=1.0965 val_acc=0.538
      ep03 train_loss=1.3222 train_acc=0.511 | val_loss=1.6742 val_acc=0.308
      ep04 train_loss=1.3172 train_acc=0.459 | val_loss=1.7536 val_acc=0.231
      ep05 train_loss=1.2994 train_acc=0.494 | val_loss=1.9752 val_acc=0.308
      ep06 train_loss=1.1431 train_acc=0.597 | val_loss=1.8202 val_acc=0.385
      ep07 train_loss=1.1550 train_acc=0.584 | val_loss=1.9788 val_acc=0.385
      ep08 train_loss=1.0792 train_acc=0.597 | val_loss=1.7601 val_acc=0.385
      ep09 train_loss=1.1240 train_acc=0.584 | val_loss=1.6617 val_acc=0.462
      ep10 train_loss=1.0305 train_acc=0.635 | val_loss=2.1088 val_acc=0.231
      ep11 train_loss=1.0549 train_acc=0.627 | val_loss=1.9922 val_acc=0.308
      ep12 train_loss=1.0104 train_acc=0.721 | val_loss=1.5803 val_acc=0.385
      ep13 train_loss=0.9634 train_acc=0.704 | val_loss=1.6133 val_acc=0.385
      ep14 train_loss=0.9605 train_acc=0.687 | val_loss=1.8015 val_acc=0.385
      ep15 train_loss=1.0141 train_acc=0.691 | val_loss=1.6035 val_acc=0.462
      ep16 train_loss=0.8825 train_acc=0.738 | val_loss=1.6686 val_acc=0.462
      ep17 train_loss=0.9057 train_acc=0.764 | val_loss=1.5100 val_acc=0.462
      ep18 train_loss=0.9203 train_acc=0.768 | val_loss=1.4501 val_acc=0.538
      ep19 train_loss=0.9154 train_acc=0.760 | val_loss=1.5523 val_acc=0.538
      ep20 train_loss=0.9289 train_acc=0.738 | val_loss=1.4715 val_acc=0.538
      ep21 train_loss=0.9193 train_acc=0.742 | val_loss=1.4840 val_acc=0.462
      saved re-evaluation checkpoint fold1_ep21.pt
      ep22 train_loss=0.8702 train_acc=0.785 | val_loss=1.4994 val_acc=0.462
      saved re-evaluation checkpoint fold1_ep22.pt
      ep23 train_loss=0.9432 train_acc=0.738 | val_loss=1.4760 val_acc=0.462
      saved re-evaluation checkpoint fold1_ep23.pt
fold result: UF1=0.3300 UAR=0.3300 ACC=0.4615
fold 3/26: 25 train subjects / 1 validation subjects; 239 train / 7 validation samples
      [early-stop] inner-val subjects=[9, 11, 17, 18, 21, 22] n_fit=175 n_check=64
      [probe] ep00 train_loss=1.7431 train_acc=0.274 check=-1.5992 best=-1.5992@ep00
      [probe] ep01 train_loss=1.5952 train_acc=0.337 check=-1.3828 best=-1.3828@ep01
      [probe] ep02 train_loss=1.5357 train_acc=0.377 check=-1.3421 best=-1.3421@ep02
      [probe] ep03 train_loss=1.5076 train_acc=0.451 check=-1.1866 best=-1.1866@ep03
      [probe] ep04 train_loss=1.4488 train_acc=0.474 check=-1.0903 best=-1.0903@ep04
      [probe] ep05 train_loss=1.3569 train_acc=0.429 check=-1.0010 best=-1.0010@ep05
      [probe] ep06 train_loss=1.3614 train_acc=0.520 check=-1.1394 best=-1.0010@ep05
      [probe] ep07 train_loss=1.4263 train_acc=0.469 check=-1.1456 best=-1.0010@ep05
      [probe] ep08 train_loss=1.3782 train_acc=0.497 check=-1.0566 best=-1.0010@ep05
      [probe] ep09 train_loss=1.3321 train_acc=0.543 check=-1.0794 best=-1.0010@ep05
      [probe] ep10 train_loss=1.3323 train_acc=0.497 check=-1.0298 best=-1.0010@ep05
      [probe] ep11 train_loss=1.3193 train_acc=0.646 check=-0.9178 best=-0.9178@ep11
      [probe] ep12 train_loss=1.2091 train_acc=0.577 check=-0.9067 best=-0.9067@ep12
      [probe] ep13 train_loss=1.2002 train_acc=0.611 check=-0.9586 best=-0.9067@ep12
      [probe] ep14 train_loss=1.1768 train_acc=0.514 check=-0.8630 best=-0.8630@ep14
      [probe] ep15 train_loss=1.1070 train_acc=0.623 check=-0.8929 best=-0.8630@ep14
      [probe] ep16 train_loss=1.1237 train_acc=0.663 check=-1.2277 best=-0.8630@ep14
      [probe] ep17 train_loss=1.1346 train_acc=0.594 check=-1.1264 best=-0.8630@ep14
      [probe] ep18 train_loss=1.1840 train_acc=0.697 check=-1.0126 best=-0.8630@ep14
      [probe] ep19 train_loss=1.0363 train_acc=0.743 check=-0.9204 best=-0.8630@ep14
      [probe] ep20 train_loss=1.0329 train_acc=0.720 check=-0.7002 best=-0.7002@ep20
      [probe] ep21 train_loss=1.0453 train_acc=0.680 check=-1.0513 best=-0.7002@ep20
      [probe] ep22 train_loss=1.1134 train_acc=0.600 check=-0.7813 best=-0.7002@ep20
      [probe] ep23 train_loss=1.0438 train_acc=0.640 check=-0.9208 best=-0.7002@ep20
      [probe] ep24 train_loss=1.0420 train_acc=0.686 check=-0.8358 best=-0.7002@ep20
      [probe] ep25 train_loss=0.9364 train_acc=0.760 check=-0.9227 best=-0.7002@ep20
      [probe] ep26 train_loss=0.9328 train_acc=0.766 check=-0.9794 best=-0.7002@ep20
      [probe] ep27 train_loss=1.0012 train_acc=0.720 check=-0.7629 best=-0.7002@ep20
      [probe] ep28 train_loss=0.9279 train_acc=0.823 check=-0.9071 best=-0.7002@ep20
      [probe] ep29 train_loss=0.8523 train_acc=0.789 check=-0.9585 best=-0.7002@ep20
      [probe] ep30 train_loss=0.8952 train_acc=0.806 check=-0.8648 best=-0.7002@ep20
      [probe] ep31 train_loss=0.9519 train_acc=0.766 check=-0.9882 best=-0.7002@ep20
      [probe] ep32 train_loss=0.9223 train_acc=0.777 check=-0.8004 best=-0.7002@ep20
      [probe] refit epochs = 21 (check=-0.7002)
      ep00 train_loss=1.6642 train_acc=0.276 | val_loss=1.9621 val_acc=0.000
      ep01 train_loss=1.4475 train_acc=0.423 | val_loss=1.7866 val_acc=0.143
      ep02 train_loss=1.3132 train_acc=0.427 | val_loss=1.7543 val_acc=0.143
      ep03 train_loss=1.3444 train_acc=0.490 | val_loss=1.3230 val_acc=0.429
      ep04 train_loss=1.2834 train_acc=0.540 | val_loss=1.6584 val_acc=0.286
      ep05 train_loss=1.1967 train_acc=0.523 | val_loss=1.8022 val_acc=0.143
      ep06 train_loss=1.1690 train_acc=0.623 | val_loss=1.9464 val_acc=0.286
      ep07 train_loss=1.1399 train_acc=0.561 | val_loss=1.3671 val_acc=0.286
      ep08 train_loss=1.0756 train_acc=0.594 | val_loss=2.0070 val_acc=0.286
      ep09 train_loss=1.0737 train_acc=0.603 | val_loss=1.3128 val_acc=0.571
      ep10 train_loss=1.1222 train_acc=0.603 | val_loss=1.5137 val_acc=0.286
      ep11 train_loss=0.9882 train_acc=0.636 | val_loss=1.2761 val_acc=0.429
      ep12 train_loss=0.9528 train_acc=0.653 | val_loss=1.3544 val_acc=0.571
      ep13 train_loss=0.9513 train_acc=0.711 | val_loss=1.2035 val_acc=0.429
      ep14 train_loss=0.9754 train_acc=0.711 | val_loss=1.2886 val_acc=0.429
      ep15 train_loss=0.9176 train_acc=0.745 | val_loss=1.3053 val_acc=0.429
      ep16 train_loss=0.9175 train_acc=0.720 | val_loss=1.3346 val_acc=0.429
      ep17 train_loss=0.9098 train_acc=0.720 | val_loss=1.2533 val_acc=0.571
      ep18 train_loss=0.8743 train_acc=0.741 | val_loss=1.2535 val_acc=0.571
      saved re-evaluation checkpoint fold2_ep18.pt
      ep19 train_loss=0.8825 train_acc=0.762 | val_loss=1.2992 val_acc=0.571
      saved re-evaluation checkpoint fold2_ep19.pt
      ep20 train_loss=0.9296 train_acc=0.720 | val_loss=1.1907 val_acc=0.571
      saved re-evaluation checkpoint fold2_ep20.pt
fold result: UF1=0.3500 UAR=0.3500 ACC=0.5714
fold 4/26: 25 train subjects / 1 validation subjects; 241 train / 5 validation samples
      [early-stop] inner-val subjects=[9, 11, 17, 18, 21, 22] n_fit=177 n_check=64
      [probe] ep00 train_loss=1.7563 train_acc=0.243 check=-1.6245 best=-1.6245@ep00
      [probe] ep01 train_loss=1.6573 train_acc=0.384 check=-1.4189 best=-1.4189@ep01
      [probe] ep02 train_loss=1.4904 train_acc=0.412 check=-1.2901 best=-1.2901@ep02
      [probe] ep03 train_loss=1.4837 train_acc=0.429 check=-1.1791 best=-1.1791@ep03
      [probe] ep04 train_loss=1.4963 train_acc=0.390 check=-1.3215 best=-1.1791@ep03
      [probe] ep05 train_loss=1.4241 train_acc=0.441 check=-1.1971 best=-1.1791@ep03
      [probe] ep06 train_loss=1.3947 train_acc=0.497 check=-1.2024 best=-1.1791@ep03
      [probe] ep07 train_loss=1.3194 train_acc=0.446 check=-1.3652 best=-1.1791@ep03
      [probe] ep08 train_loss=1.3728 train_acc=0.463 check=-1.1435 best=-1.1435@ep08
      [probe] ep09 train_loss=1.4033 train_acc=0.531 check=-1.2155 best=-1.1435@ep08
      [probe] ep10 train_loss=1.2603 train_acc=0.497 check=-1.1872 best=-1.1435@ep08
      [probe] ep11 train_loss=1.2743 train_acc=0.554 check=-1.1043 best=-1.1043@ep11
      [probe] ep12 train_loss=1.3488 train_acc=0.542 check=-1.1279 best=-1.1043@ep11
      [probe] ep13 train_loss=1.2431 train_acc=0.514 check=-1.1965 best=-1.1043@ep11
      [probe] ep14 train_loss=1.2120 train_acc=0.576 check=-1.1735 best=-1.1043@ep11
      [probe] ep15 train_loss=1.2221 train_acc=0.537 check=-1.0398 best=-1.0398@ep15
      [probe] ep16 train_loss=1.1731 train_acc=0.593 check=-1.0756 best=-1.0398@ep15
      [probe] ep17 train_loss=1.2124 train_acc=0.593 check=-1.1357 best=-1.0398@ep15
      [probe] ep18 train_loss=1.1248 train_acc=0.621 check=-1.0935 best=-1.0398@ep15
      [probe] ep19 train_loss=1.2056 train_acc=0.576 check=-1.0760 best=-1.0398@ep15
      [probe] ep20 train_loss=1.1337 train_acc=0.610 check=-1.0359 best=-1.0359@ep20
      [probe] ep21 train_loss=1.1300 train_acc=0.599 check=-1.0036 best=-1.0036@ep21
      [probe] ep22 train_loss=1.1014 train_acc=0.655 check=-0.9934 best=-0.9934@ep22
      [probe] ep23 train_loss=1.1041 train_acc=0.627 check=-0.9405 best=-0.9405@ep23
      [probe] ep24 train_loss=1.0629 train_acc=0.689 check=-1.0285 best=-0.9405@ep23
      [probe] ep25 train_loss=1.0827 train_acc=0.712 check=-0.8798 best=-0.8798@ep25
      [probe] ep26 train_loss=0.9954 train_acc=0.746 check=-1.1357 best=-0.8798@ep25
      [probe] ep27 train_loss=0.9836 train_acc=0.729 check=-0.9693 best=-0.8798@ep25
      [probe] ep28 train_loss=0.9446 train_acc=0.734 check=-1.0696 best=-0.8798@ep25
      [probe] ep29 train_loss=0.9491 train_acc=0.734 check=-0.9090 best=-0.8798@ep25
      [probe] ep30 train_loss=0.9325 train_acc=0.706 check=-0.9389 best=-0.8798@ep25
      [probe] ep31 train_loss=0.9451 train_acc=0.768 check=-0.9205 best=-0.8798@ep25
      [probe] ep32 train_loss=0.9203 train_acc=0.763 check=-1.0399 best=-0.8798@ep25
      [probe] ep33 train_loss=0.9319 train_acc=0.723 check=-0.9752 best=-0.8798@ep25
      [probe] ep34 train_loss=0.8563 train_acc=0.797 check=-1.0747 best=-0.8798@ep25
      [probe] ep35 train_loss=0.8722 train_acc=0.808 check=-1.1244 best=-0.8798@ep25
      [probe] ep36 train_loss=0.8959 train_acc=0.791 check=-0.9454 best=-0.8798@ep25
      [probe] ep37 train_loss=0.8773 train_acc=0.819 check=-0.9726 best=-0.8798@ep25
      [probe] refit epochs = 26 (check=-0.8798)
      ep00 train_loss=1.6720 train_acc=0.274 | val_loss=1.9855 val_acc=0.000
      ep01 train_loss=1.5374 train_acc=0.344 | val_loss=1.2561 val_acc=0.400
      ep02 train_loss=1.4377 train_acc=0.419 | val_loss=1.4954 val_acc=0.200
      ep03 train_loss=1.3741 train_acc=0.477 | val_loss=1.1332 val_acc=0.400
      ep04 train_loss=1.2768 train_acc=0.506 | val_loss=0.9787 val_acc=0.400
      ep05 train_loss=1.2081 train_acc=0.544 | val_loss=1.0317 val_acc=0.600
      ep06 train_loss=1.2038 train_acc=0.598 | val_loss=0.9960 val_acc=0.400
      ep07 train_loss=1.2069 train_acc=0.539 | val_loss=0.8058 val_acc=0.600
      ep08 train_loss=1.1516 train_acc=0.602 | val_loss=1.0082 val_acc=0.600
      ep09 train_loss=1.0549 train_acc=0.631 | val_loss=0.9894 val_acc=0.600
      ep10 train_loss=1.0915 train_acc=0.610 | val_loss=0.9319 val_acc=0.600
      ep11 train_loss=1.0489 train_acc=0.598 | val_loss=0.7187 val_acc=0.600
      ep12 train_loss=1.0250 train_acc=0.593 | val_loss=0.6744 val_acc=0.800
      ep13 train_loss=1.0571 train_acc=0.585 | val_loss=0.5983 val_acc=0.800
      ep14 train_loss=0.9840 train_acc=0.734 | val_loss=0.6104 val_acc=0.800
      ep15 train_loss=0.9583 train_acc=0.664 | val_loss=0.4627 val_acc=0.800
      ep16 train_loss=0.9129 train_acc=0.656 | val_loss=0.4288 val_acc=0.800
      ep17 train_loss=0.8790 train_acc=0.718 | val_loss=0.5150 val_acc=0.800
      ep18 train_loss=0.9037 train_acc=0.722 | val_loss=0.4701 val_acc=0.800
      ep19 train_loss=0.9197 train_acc=0.718 | val_loss=0.5004 val_acc=0.800
      ep20 train_loss=0.8435 train_acc=0.780 | val_loss=0.5797 val_acc=0.800
      ep21 train_loss=0.8705 train_acc=0.734 | val_loss=0.4571 val_acc=0.800
      ep22 train_loss=0.8231 train_acc=0.751 | val_loss=0.5155 val_acc=0.800
      ep23 train_loss=0.8129 train_acc=0.788 | val_loss=0.4673 val_acc=0.800
      saved re-evaluation checkpoint fold3_ep23.pt
      ep24 train_loss=0.8186 train_acc=0.788 | val_loss=0.5035 val_acc=0.800
      saved re-evaluation checkpoint fold3_ep24.pt
      ep25 train_loss=0.8323 train_acc=0.788 | val_loss=0.5180 val_acc=0.800
      saved re-evaluation checkpoint fold3_ep25.pt
fold result: UF1=0.3048 UAR=0.3000 ACC=0.8000
fold 5/26: 25 train subjects / 1 validation subjects; 227 train / 19 validation samples
      [early-stop] inner-val subjects=[9, 11, 17, 18, 21, 22] n_fit=163 n_check=64
      [probe] ep00 train_loss=1.8232 train_acc=0.276 check=-1.5555 best=-1.5555@ep00
      [probe] ep01 train_loss=1.5736 train_acc=0.350 check=-1.3145 best=-1.3145@ep01
      [probe] ep02 train_loss=1.4948 train_acc=0.417 check=-1.2951 best=-1.2951@ep02
      [probe] ep03 train_loss=1.4608 train_acc=0.411 check=-1.1730 best=-1.1730@ep03
      [probe] ep04 train_loss=1.4183 train_acc=0.454 check=-1.1669 best=-1.1669@ep04
      [probe] ep05 train_loss=1.4004 train_acc=0.491 check=-1.1519 best=-1.1519@ep05
      [probe] ep06 train_loss=1.3799 train_acc=0.552 check=-1.3538 best=-1.1519@ep05
      [probe] ep07 train_loss=1.3349 train_acc=0.503 check=-1.2713 best=-1.1519@ep05
      [probe] ep08 train_loss=1.2901 train_acc=0.503 check=-1.2746 best=-1.1519@ep05
      [probe] ep09 train_loss=1.3377 train_acc=0.509 check=-1.2600 best=-1.1519@ep05
      [probe] ep10 train_loss=1.2838 train_acc=0.540 check=-1.1498 best=-1.1498@ep10
      [probe] ep11 train_loss=1.2716 train_acc=0.601 check=-1.1739 best=-1.1498@ep10
      [probe] ep12 train_loss=1.1995 train_acc=0.558 check=-1.2510 best=-1.1498@ep10
      [probe] ep13 train_loss=1.1919 train_acc=0.638 check=-1.1182 best=-1.1182@ep13
      [probe] ep14 train_loss=1.1767 train_acc=0.620 check=-1.1532 best=-1.1182@ep13
      [probe] ep15 train_loss=1.1464 train_acc=0.632 check=-1.1433 best=-1.1182@ep13
      [probe] ep16 train_loss=1.1291 train_acc=0.644 check=-1.1466 best=-1.1182@ep13
      [probe] ep17 train_loss=1.0743 train_acc=0.632 check=-1.1418 best=-1.1182@ep13
      [probe] ep18 train_loss=1.1537 train_acc=0.675 check=-1.1256 best=-1.1182@ep13
      [probe] ep19 train_loss=1.2063 train_acc=0.589 check=-1.2872 best=-1.1182@ep13
      [probe] ep20 train_loss=1.0727 train_acc=0.675 check=-1.0826 best=-1.0826@ep20
      [probe] ep21 train_loss=1.1419 train_acc=0.632 check=-1.0817 best=-1.0817@ep21
      [probe] ep22 train_loss=1.0254 train_acc=0.681 check=-1.1368 best=-1.0817@ep21
      [probe] ep23 train_loss=0.9500 train_acc=0.748 check=-1.1690 best=-1.0817@ep21
      [probe] ep24 train_loss=1.0120 train_acc=0.736 check=-1.0862 best=-1.0817@ep21
      [probe] ep25 train_loss=0.9943 train_acc=0.742 check=-0.9198 best=-0.9198@ep25
      [probe] ep26 train_loss=0.9534 train_acc=0.718 check=-1.0811 best=-0.9198@ep25
      [probe] ep27 train_loss=1.0030 train_acc=0.736 check=-1.0560 best=-0.9198@ep25
      [probe] ep28 train_loss=0.9970 train_acc=0.742 check=-1.1042 best=-0.9198@ep25
      [probe] ep29 train_loss=0.9381 train_acc=0.761 check=-1.0221 best=-0.9198@ep25
      [probe] ep30 train_loss=0.9500 train_acc=0.785 check=-1.0941 best=-0.9198@ep25
      [probe] ep31 train_loss=0.8938 train_acc=0.822 check=-1.0889 best=-0.9198@ep25
      [probe] ep32 train_loss=0.9171 train_acc=0.773 check=-0.9950 best=-0.9198@ep25
      [probe] ep33 train_loss=0.8845 train_acc=0.822 check=-1.0452 best=-0.9198@ep25
      [probe] ep34 train_loss=0.8401 train_acc=0.810 check=-0.9941 best=-0.9198@ep25
      [probe] ep35 train_loss=0.9058 train_acc=0.810 check=-1.0713 best=-0.9198@ep25
      [probe] ep36 train_loss=0.8073 train_acc=0.853 check=-1.0123 best=-0.9198@ep25
      [probe] ep37 train_loss=0.8308 train_acc=0.853 check=-0.9808 best=-0.9198@ep25
      [probe] refit epochs = 26 (check=-0.9198)
      ep00 train_loss=1.6476 train_acc=0.273 | val_loss=1.6338 val_acc=0.211
      ep01 train_loss=1.4924 train_acc=0.383 | val_loss=1.3941 val_acc=0.316
      ep02 train_loss=1.4722 train_acc=0.414 | val_loss=1.6954 val_acc=0.368
      ep03 train_loss=1.4071 train_acc=0.480 | val_loss=1.5479 val_acc=0.421
      ep04 train_loss=1.3008 train_acc=0.454 | val_loss=1.3101 val_acc=0.474
      ep05 train_loss=1.1635 train_acc=0.524 | val_loss=1.6871 val_acc=0.316
      ep06 train_loss=1.1621 train_acc=0.564 | val_loss=1.5282 val_acc=0.474
      ep07 train_loss=1.2063 train_acc=0.546 | val_loss=1.2484 val_acc=0.474
      ep08 train_loss=1.1705 train_acc=0.599 | val_loss=1.3227 val_acc=0.526
      ep09 train_loss=1.0938 train_acc=0.621 | val_loss=1.5726 val_acc=0.421
      ep10 train_loss=1.0901 train_acc=0.634 | val_loss=1.4447 val_acc=0.368
      ep11 train_loss=1.0538 train_acc=0.643 | val_loss=1.3949 val_acc=0.421
      ep12 train_loss=1.0408 train_acc=0.639 | val_loss=1.4664 val_acc=0.263
      ep13 train_loss=0.9502 train_acc=0.687 | val_loss=1.8104 val_acc=0.316
      ep14 train_loss=0.9842 train_acc=0.687 | val_loss=1.3968 val_acc=0.474
      ep15 train_loss=0.9199 train_acc=0.736 | val_loss=1.2002 val_acc=0.526
      ep16 train_loss=0.9220 train_acc=0.749 | val_loss=1.3447 val_acc=0.474
      ep17 train_loss=0.8795 train_acc=0.771 | val_loss=1.4245 val_acc=0.474
      ep18 train_loss=0.8633 train_acc=0.767 | val_loss=1.6096 val_acc=0.421
      ep19 train_loss=0.8740 train_acc=0.762 | val_loss=1.4516 val_acc=0.421
      ep20 train_loss=0.8564 train_acc=0.797 | val_loss=1.4251 val_acc=0.368
      ep21 train_loss=0.8910 train_acc=0.784 | val_loss=1.3585 val_acc=0.368
      ep22 train_loss=0.8488 train_acc=0.771 | val_loss=1.3765 val_acc=0.368
      ep23 train_loss=0.8659 train_acc=0.758 | val_loss=1.2329 val_acc=0.526
      saved re-evaluation checkpoint fold4_ep23.pt
      ep24 train_loss=0.8265 train_acc=0.806 | val_loss=1.3609 val_acc=0.421
      saved re-evaluation checkpoint fold4_ep24.pt
      ep25 train_loss=0.8746 train_acc=0.793 | val_loss=1.3196 val_acc=0.474
      saved re-evaluation checkpoint fold4_ep25.pt
fold result: UF1=0.2889 UAR=0.2433 ACC=0.4737
fold 6/26: 25 train subjects / 1 validation subjects; 241 train / 5 validation samples
      [early-stop] inner-val subjects=[9, 11, 17, 18, 21, 22] n_fit=177 n_check=64
      [probe] ep00 train_loss=1.8025 train_acc=0.232 check=-1.6447 best=-1.6447@ep00
      [probe] ep01 train_loss=1.7084 train_acc=0.356 check=-1.3006 best=-1.3006@ep01
      [probe] ep02 train_loss=1.5107 train_acc=0.424 check=-1.3178 best=-1.3006@ep01
      [probe] ep03 train_loss=1.4676 train_acc=0.497 check=-1.1940 best=-1.1940@ep03
      [probe] ep04 train_loss=1.5028 train_acc=0.401 check=-1.2158 best=-1.1940@ep03
      [probe] ep05 train_loss=1.3816 train_acc=0.503 check=-1.1693 best=-1.1693@ep05
      [probe] ep06 train_loss=1.3974 train_acc=0.475 check=-1.3792 best=-1.1693@ep05
      [probe] ep07 train_loss=1.3341 train_acc=0.497 check=-1.3423 best=-1.1693@ep05
      [probe] ep08 train_loss=1.3690 train_acc=0.486 check=-1.1704 best=-1.1693@ep05
      [probe] ep09 train_loss=1.3108 train_acc=0.520 check=-1.2075 best=-1.1693@ep05
      [probe] ep10 train_loss=1.2700 train_acc=0.503 check=-1.2209 best=-1.1693@ep05
      [probe] ep11 train_loss=1.3074 train_acc=0.503 check=-1.0516 best=-1.0516@ep11
      [probe] ep12 train_loss=1.3676 train_acc=0.559 check=-1.1999 best=-1.0516@ep11
      [probe] ep13 train_loss=1.2788 train_acc=0.525 check=-1.1110 best=-1.0516@ep11
      [probe] ep14 train_loss=1.1995 train_acc=0.610 check=-1.0776 best=-1.0516@ep11
      [probe] ep15 train_loss=1.1933 train_acc=0.588 check=-1.0465 best=-1.0465@ep15
      [probe] ep16 train_loss=1.1565 train_acc=0.667 check=-1.1530 best=-1.0465@ep15
      [probe] ep17 train_loss=1.1644 train_acc=0.605 check=-1.0795 best=-1.0465@ep15
      [probe] ep18 train_loss=1.0984 train_acc=0.644 check=-1.1096 best=-1.0465@ep15
      [probe] ep19 train_loss=1.1239 train_acc=0.638 check=-0.9594 best=-0.9594@ep19
      [probe] ep20 train_loss=1.1505 train_acc=0.576 check=-1.0870 best=-0.9594@ep19
      [probe] ep21 train_loss=1.0927 train_acc=0.633 check=-0.9636 best=-0.9594@ep19
      [probe] ep22 train_loss=1.0390 train_acc=0.723 check=-0.8445 best=-0.8445@ep22
      [probe] ep23 train_loss=1.0896 train_acc=0.610 check=-0.8842 best=-0.8445@ep22
      [probe] ep24 train_loss=1.0826 train_acc=0.723 check=-0.9647 best=-0.8445@ep22
      [probe] ep25 train_loss=1.0821 train_acc=0.678 check=-0.8650 best=-0.8445@ep22
      [probe] ep26 train_loss=1.0096 train_acc=0.723 check=-1.0123 best=-0.8445@ep22
      [probe] ep27 train_loss=0.9726 train_acc=0.751 check=-0.9402 best=-0.8445@ep22
      [probe] ep28 train_loss=0.9483 train_acc=0.746 check=-0.9764 best=-0.8445@ep22
      [probe] ep29 train_loss=0.9523 train_acc=0.746 check=-0.9020 best=-0.8445@ep22
      [probe] ep30 train_loss=0.9588 train_acc=0.791 check=-1.0890 best=-0.8445@ep22
      [probe] ep31 train_loss=0.9749 train_acc=0.740 check=-0.9961 best=-0.8445@ep22
      [probe] ep32 train_loss=0.9001 train_acc=0.808 check=-1.0697 best=-0.8445@ep22
      [probe] ep33 train_loss=0.9326 train_acc=0.740 check=-0.9194 best=-0.8445@ep22
      [probe] ep34 train_loss=0.8696 train_acc=0.791 check=-0.9332 best=-0.8445@ep22
      [probe] refit epochs = 23 (check=-0.8445)
      ep00 train_loss=1.6921 train_acc=0.257 | val_loss=1.5215 val_acc=0.400
      ep01 train_loss=1.5447 train_acc=0.332 | val_loss=1.6024 val_acc=0.400
      ep02 train_loss=1.4687 train_acc=0.415 | val_loss=1.2362 val_acc=0.600
      ep03 train_loss=1.3854 train_acc=0.469 | val_loss=1.3102 val_acc=0.600
      ep04 train_loss=1.3187 train_acc=0.519 | val_loss=1.2021 val_acc=0.600
      ep05 train_loss=1.2669 train_acc=0.494 | val_loss=1.1039 val_acc=0.600
      ep06 train_loss=1.1890 train_acc=0.602 | val_loss=0.9058 val_acc=0.800
      ep07 train_loss=1.2296 train_acc=0.564 | val_loss=1.0856 val_acc=0.600
      ep08 train_loss=1.1861 train_acc=0.585 | val_loss=0.8119 val_acc=0.800
      ep09 train_loss=1.0889 train_acc=0.606 | val_loss=1.0277 val_acc=0.600
      ep10 train_loss=1.0879 train_acc=0.598 | val_loss=0.8654 val_acc=0.800
      ep11 train_loss=1.0505 train_acc=0.631 | val_loss=0.8762 val_acc=0.800
      ep12 train_loss=0.9975 train_acc=0.639 | val_loss=0.9943 val_acc=0.600
      ep13 train_loss=1.0513 train_acc=0.606 | val_loss=1.0563 val_acc=0.600
      ep14 train_loss=0.9715 train_acc=0.751 | val_loss=1.2137 val_acc=0.600
      ep15 train_loss=0.9902 train_acc=0.664 | val_loss=1.0788 val_acc=0.600
      ep16 train_loss=0.9541 train_acc=0.714 | val_loss=1.0082 val_acc=0.600
      ep17 train_loss=0.8961 train_acc=0.726 | val_loss=1.0463 val_acc=0.600
      ep18 train_loss=0.9032 train_acc=0.743 | val_loss=1.1398 val_acc=0.600
      ep19 train_loss=0.9720 train_acc=0.718 | val_loss=1.0935 val_acc=0.600
      ep20 train_loss=0.8630 train_acc=0.755 | val_loss=1.0714 val_acc=0.600
      saved re-evaluation checkpoint fold5_ep20.pt
      ep21 train_loss=0.9407 train_acc=0.722 | val_loss=1.0200 val_acc=0.600
      saved re-evaluation checkpoint fold5_ep21.pt
      ep22 train_loss=0.8652 train_acc=0.763 | val_loss=1.0258 val_acc=0.600
      saved re-evaluation checkpoint fold5_ep22.pt
fold result: UF1=0.3600 UAR=0.4000 ACC=0.6000
fold 7/26: 25 train subjects / 1 validation subjects; 237 train / 9 validation samples
      [early-stop] inner-val subjects=[9, 11, 17, 18, 21, 22] n_fit=173 n_check=64
      [probe] ep00 train_loss=1.7656 train_acc=0.272 check=-1.6450 best=-1.6450@ep00
      [probe] ep01 train_loss=1.6634 train_acc=0.353 check=-1.3215 best=-1.3215@ep01
      [probe] ep02 train_loss=1.5229 train_acc=0.445 check=-1.3303 best=-1.3215@ep01
      [probe] ep03 train_loss=1.4563 train_acc=0.428 check=-1.2192 best=-1.2192@ep03
      [probe] ep04 train_loss=1.4164 train_acc=0.451 check=-1.1052 best=-1.1052@ep04
      [probe] ep05 train_loss=1.3493 train_acc=0.428 check=-1.2101 best=-1.1052@ep04
      [probe] ep06 train_loss=1.3286 train_acc=0.457 check=-1.1387 best=-1.1052@ep04
      [probe] ep07 train_loss=1.4071 train_acc=0.468 check=-1.2589 best=-1.1052@ep04
      [probe] ep08 train_loss=1.3789 train_acc=0.474 check=-1.2477 best=-1.1052@ep04
      [probe] ep09 train_loss=1.3210 train_acc=0.509 check=-1.1482 best=-1.1052@ep04
      [probe] ep10 train_loss=1.3451 train_acc=0.538 check=-1.1108 best=-1.1052@ep04
      [probe] ep11 train_loss=1.2810 train_acc=0.555 check=-1.0758 best=-1.0758@ep11
      [probe] ep12 train_loss=1.2295 train_acc=0.613 check=-1.1740 best=-1.0758@ep11
      [probe] ep13 train_loss=1.1838 train_acc=0.584 check=-1.1912 best=-1.0758@ep11
      [probe] ep14 train_loss=1.1503 train_acc=0.584 check=-1.1873 best=-1.0758@ep11
      [probe] ep15 train_loss=1.1268 train_acc=0.642 check=-1.0397 best=-1.0397@ep15
      [probe] ep16 train_loss=1.0648 train_acc=0.688 check=-1.0416 best=-1.0397@ep15
      [probe] ep17 train_loss=1.1544 train_acc=0.642 check=-1.2285 best=-1.0397@ep15
      [probe] ep18 train_loss=1.0803 train_acc=0.699 check=-1.1396 best=-1.0397@ep15
      [probe] ep19 train_loss=1.1895 train_acc=0.676 check=-1.0113 best=-1.0113@ep19
      [probe] ep20 train_loss=1.0817 train_acc=0.671 check=-0.9534 best=-0.9534@ep20
      [probe] ep21 train_loss=1.0716 train_acc=0.642 check=-0.8980 best=-0.8980@ep21
      [probe] ep22 train_loss=1.0012 train_acc=0.717 check=-0.8165 best=-0.8165@ep22
      [probe] ep23 train_loss=1.0166 train_acc=0.746 check=-0.8589 best=-0.8165@ep22
      [probe] ep24 train_loss=1.0106 train_acc=0.705 check=-1.0293 best=-0.8165@ep22
      [probe] ep25 train_loss=0.9372 train_acc=0.734 check=-1.0546 best=-0.8165@ep22
      [probe] ep26 train_loss=0.9337 train_acc=0.786 check=-1.0808 best=-0.8165@ep22
      [probe] ep27 train_loss=1.0060 train_acc=0.740 check=-1.0215 best=-0.8165@ep22
      [probe] ep28 train_loss=0.9633 train_acc=0.717 check=-0.9364 best=-0.8165@ep22
      [probe] ep29 train_loss=0.9198 train_acc=0.751 check=-0.9533 best=-0.8165@ep22
      [probe] ep30 train_loss=0.9427 train_acc=0.740 check=-0.8792 best=-0.8165@ep22
      [probe] ep31 train_loss=0.8797 train_acc=0.792 check=-0.9822 best=-0.8165@ep22
      [probe] ep32 train_loss=0.8385 train_acc=0.832 check=-0.9334 best=-0.8165@ep22
      [probe] ep33 train_loss=0.8988 train_acc=0.798 check=-0.9905 best=-0.8165@ep22
      [probe] ep34 train_loss=0.8434 train_acc=0.803 check=-1.0746 best=-0.8165@ep22
      [probe] refit epochs = 23 (check=-0.8165)
      ep00 train_loss=1.6639 train_acc=0.266 | val_loss=1.5508 val_acc=0.111
      ep01 train_loss=1.4504 train_acc=0.363 | val_loss=1.2664 val_acc=0.222
      ep02 train_loss=1.4812 train_acc=0.392 | val_loss=1.2251 val_acc=0.556
      ep03 train_loss=1.3998 train_acc=0.409 | val_loss=1.7451 val_acc=0.333
      ep04 train_loss=1.3744 train_acc=0.418 | val_loss=1.6607 val_acc=0.111
      ep05 train_loss=1.2737 train_acc=0.494 | val_loss=1.2929 val_acc=0.444
      ep06 train_loss=1.2611 train_acc=0.540 | val_loss=1.4075 val_acc=0.444
      ep07 train_loss=1.1886 train_acc=0.532 | val_loss=1.0418 val_acc=0.444
      ep08 train_loss=1.1254 train_acc=0.557 | val_loss=1.1353 val_acc=0.444
      ep09 train_loss=1.0964 train_acc=0.608 | val_loss=1.1277 val_acc=0.222
      ep10 train_loss=1.1271 train_acc=0.565 | val_loss=1.1265 val_acc=0.444
      ep11 train_loss=1.0516 train_acc=0.671 | val_loss=1.0192 val_acc=0.556
      ep12 train_loss=1.0313 train_acc=0.650 | val_loss=1.0757 val_acc=0.444
      ep13 train_loss=1.0026 train_acc=0.667 | val_loss=1.3282 val_acc=0.444
      ep14 train_loss=0.9759 train_acc=0.667 | val_loss=1.1306 val_acc=0.444
      ep15 train_loss=0.9672 train_acc=0.692 | val_loss=1.0684 val_acc=0.333
      ep16 train_loss=0.8796 train_acc=0.730 | val_loss=1.1078 val_acc=0.333
      ep17 train_loss=0.9381 train_acc=0.717 | val_loss=1.0341 val_acc=0.444
      ep18 train_loss=0.8491 train_acc=0.722 | val_loss=1.1069 val_acc=0.333
      ep19 train_loss=0.9057 train_acc=0.747 | val_loss=1.2243 val_acc=0.333
      ep20 train_loss=0.8861 train_acc=0.759 | val_loss=1.2075 val_acc=0.333
      saved re-evaluation checkpoint fold6_ep20.pt
      ep21 train_loss=0.9107 train_acc=0.764 | val_loss=1.1794 val_acc=0.333
      saved re-evaluation checkpoint fold6_ep21.pt
      ep22 train_loss=0.8786 train_acc=0.755 | val_loss=1.2671 val_acc=0.333
      saved re-evaluation checkpoint fold6_ep22.pt
fold result: UF1=0.1467 UAR=0.1400 ACC=0.3333
fold 8/26: 25 train subjects / 1 validation subjects; 243 train / 3 validation samples
      [early-stop] inner-val subjects=[9, 11, 17, 18, 21, 22] n_fit=179 n_check=64
      [probe] ep00 train_loss=1.8153 train_acc=0.246 check=-1.6222 best=-1.6222@ep00
      [probe] ep01 train_loss=1.6758 train_acc=0.296 check=-1.4252 best=-1.4252@ep01
      [probe] ep02 train_loss=1.5636 train_acc=0.475 check=-1.2463 best=-1.2463@ep02
      [probe] ep03 train_loss=1.5507 train_acc=0.458 check=-1.3911 best=-1.2463@ep02
      [probe] ep04 train_loss=1.4855 train_acc=0.430 check=-1.2898 best=-1.2463@ep02
      [probe] ep05 train_loss=1.4542 train_acc=0.458 check=-1.3031 best=-1.2463@ep02
      [probe] ep06 train_loss=1.3868 train_acc=0.480 check=-1.3491 best=-1.2463@ep02
      [probe] ep07 train_loss=1.4437 train_acc=0.408 check=-1.3937 best=-1.2463@ep02
      [probe] ep08 train_loss=1.3873 train_acc=0.458 check=-1.2512 best=-1.2463@ep02
      [probe] ep09 train_loss=1.3494 train_acc=0.525 check=-1.2030 best=-1.2030@ep09
      [probe] ep10 train_loss=1.3048 train_acc=0.508 check=-1.1715 best=-1.1715@ep10
      [probe] ep11 train_loss=1.2902 train_acc=0.547 check=-1.0482 best=-1.0482@ep11
      [probe] ep12 train_loss=1.3024 train_acc=0.598 check=-1.2258 best=-1.0482@ep11
      [probe] ep13 train_loss=1.2347 train_acc=0.536 check=-1.0720 best=-1.0482@ep11
      [probe] ep14 train_loss=1.2890 train_acc=0.581 check=-1.0799 best=-1.0482@ep11
      [probe] ep15 train_loss=1.1562 train_acc=0.642 check=-1.1611 best=-1.0482@ep11
      [probe] ep16 train_loss=1.2017 train_acc=0.587 check=-1.0814 best=-1.0482@ep11
      [probe] ep17 train_loss=1.1995 train_acc=0.631 check=-1.0631 best=-1.0482@ep11
      [probe] ep18 train_loss=1.1968 train_acc=0.598 check=-1.1683 best=-1.0482@ep11
      [probe] ep19 train_loss=1.1335 train_acc=0.626 check=-1.0894 best=-1.0482@ep11
      [probe] ep20 train_loss=1.1431 train_acc=0.587 check=-1.1503 best=-1.0482@ep11
      [probe] ep21 train_loss=1.1089 train_acc=0.682 check=-1.0547 best=-1.0482@ep11
      [probe] ep22 train_loss=1.1181 train_acc=0.642 check=-1.0696 best=-1.0482@ep11
      [probe] ep23 train_loss=1.0399 train_acc=0.732 check=-0.9385 best=-0.9385@ep23
      [probe] ep24 train_loss=1.0613 train_acc=0.698 check=-0.9858 best=-0.9385@ep23
      [probe] ep25 train_loss=1.0405 train_acc=0.709 check=-1.0072 best=-0.9385@ep23
      [probe] ep26 train_loss=1.0950 train_acc=0.715 check=-1.0334 best=-0.9385@ep23
      [probe] ep27 train_loss=1.0262 train_acc=0.732 check=-1.1818 best=-0.9385@ep23
      [probe] ep28 train_loss=1.0206 train_acc=0.715 check=-1.1043 best=-0.9385@ep23
      [probe] ep29 train_loss=0.9506 train_acc=0.793 check=-1.1270 best=-0.9385@ep23
      [probe] ep30 train_loss=0.9674 train_acc=0.771 check=-1.1465 best=-0.9385@ep23
      [probe] ep31 train_loss=1.0097 train_acc=0.749 check=-1.1700 best=-0.9385@ep23
      [probe] ep32 train_loss=0.9993 train_acc=0.749 check=-1.0478 best=-0.9385@ep23
      [probe] ep33 train_loss=0.8757 train_acc=0.799 check=-0.9610 best=-0.9385@ep23
      [probe] ep34 train_loss=0.8827 train_acc=0.810 check=-0.9293 best=-0.9293@ep34
      [probe] ep35 train_loss=0.8832 train_acc=0.838 check=-0.9827 best=-0.9293@ep34
      [probe] ep36 train_loss=0.8859 train_acc=0.838 check=-1.1469 best=-0.9293@ep34
      [probe] ep37 train_loss=0.8822 train_acc=0.832 check=-1.0076 best=-0.9293@ep34
      [probe] ep38 train_loss=0.8523 train_acc=0.832 check=-1.1135 best=-0.9293@ep34
      [probe] ep39 train_loss=0.8481 train_acc=0.888 check=-1.1587 best=-0.9293@ep34
      [probe] ep40 train_loss=0.8202 train_acc=0.866 check=-1.0381 best=-0.9293@ep34
      [probe] ep41 train_loss=0.8456 train_acc=0.844 check=-1.0915 best=-0.9293@ep34
      [probe] ep42 train_loss=0.8285 train_acc=0.872 check=-1.0628 best=-0.9293@ep34
      [probe] ep43 train_loss=0.8599 train_acc=0.877 check=-1.0493 best=-0.9293@ep34
      [probe] ep44 train_loss=0.8011 train_acc=0.855 check=-1.1053 best=-0.9293@ep34
      [probe] ep45 train_loss=0.8104 train_acc=0.872 check=-1.1055 best=-0.9293@ep34
      [probe] ep46 train_loss=0.7789 train_acc=0.933 check=-1.0933 best=-0.9293@ep34
      [probe] refit epochs = 35 (check=-0.9293)
      ep00 train_loss=1.6933 train_acc=0.300 | val_loss=1.4861 val_acc=0.333
      ep01 train_loss=1.5239 train_acc=0.387 | val_loss=1.1834 val_acc=0.333
      ep02 train_loss=1.4382 train_acc=0.453 | val_loss=1.2889 val_acc=0.333
      ep03 train_loss=1.3236 train_acc=0.486 | val_loss=1.1220 val_acc=0.667
      ep04 train_loss=1.3765 train_acc=0.486 | val_loss=1.3216 val_acc=0.333
      ep05 train_loss=1.1764 train_acc=0.572 | val_loss=1.4491 val_acc=0.333
      ep06 train_loss=1.1989 train_acc=0.556 | val_loss=1.1185 val_acc=0.333
      ep07 train_loss=1.1540 train_acc=0.593 | val_loss=1.1862 val_acc=0.333
      ep08 train_loss=1.1061 train_acc=0.601 | val_loss=1.1332 val_acc=0.667
      ep09 train_loss=1.1236 train_acc=0.613 | val_loss=1.1912 val_acc=0.333
      ep10 train_loss=1.1098 train_acc=0.584 | val_loss=1.1679 val_acc=0.333
      ep11 train_loss=1.0643 train_acc=0.658 | val_loss=0.9366 val_acc=0.667
      ep12 train_loss=1.0057 train_acc=0.712 | val_loss=1.6987 val_acc=0.333
      ep13 train_loss=1.0290 train_acc=0.638 | val_loss=1.3740 val_acc=0.333
      ep14 train_loss=0.9941 train_acc=0.708 | val_loss=1.6204 val_acc=0.333
      ep15 train_loss=1.0049 train_acc=0.658 | val_loss=1.1452 val_acc=0.333
      ep16 train_loss=0.9129 train_acc=0.691 | val_loss=1.0188 val_acc=0.333
      ep17 train_loss=0.9276 train_acc=0.765 | val_loss=1.6297 val_acc=0.000
      ep18 train_loss=0.9115 train_acc=0.700 | val_loss=1.6384 val_acc=0.000
      ep19 train_loss=0.8997 train_acc=0.757 | val_loss=1.3142 val_acc=0.333
      ep20 train_loss=0.9245 train_acc=0.745 | val_loss=1.2938 val_acc=0.333
      ep21 train_loss=0.8440 train_acc=0.765 | val_loss=1.4281 val_acc=0.333
      ep22 train_loss=0.8452 train_acc=0.790 | val_loss=1.4623 val_acc=0.000
      ep23 train_loss=0.8442 train_acc=0.790 | val_loss=1.4405 val_acc=0.000
      ep24 train_loss=0.8428 train_acc=0.733 | val_loss=1.2560 val_acc=0.667
      ep25 train_loss=0.7816 train_acc=0.802 | val_loss=1.4534 val_acc=0.333
      ep26 train_loss=0.8413 train_acc=0.757 | val_loss=1.3670 val_acc=0.000
      ep27 train_loss=0.7808 train_acc=0.823 | val_loss=1.4321 val_acc=0.000
      ep28 train_loss=0.7622 train_acc=0.835 | val_loss=1.4637 val_acc=0.333
      ep29 train_loss=0.7723 train_acc=0.823 | val_loss=1.3796 val_acc=0.333
      ep30 train_loss=0.7795 train_acc=0.840 | val_loss=1.3837 val_acc=0.333
      ep31 train_loss=0.7625 train_acc=0.844 | val_loss=1.3765 val_acc=0.333
      ep32 train_loss=0.7779 train_acc=0.835 | val_loss=1.3622 val_acc=0.000
      saved re-evaluation checkpoint fold7_ep32.pt
      ep33 train_loss=0.7611 train_acc=0.827 | val_loss=1.4952 val_acc=0.000
      saved re-evaluation checkpoint fold7_ep33.pt
      ep34 train_loss=0.7432 train_acc=0.844 | val_loss=1.4222 val_acc=0.333
      saved re-evaluation checkpoint fold7_ep34.pt
fold result: UF1=0.1333 UAR=0.2000 ACC=0.3333
fold 9/26: 25 train subjects / 1 validation subjects; 233 train / 13 validation samples
      [early-stop] inner-val subjects=[8, 11, 17, 18, 21, 22] n_fit=179 n_check=54
      [probe] ep00 train_loss=1.8153 train_acc=0.246 check=-1.6706 best=-1.6706@ep00
      [probe] ep01 train_loss=1.6758 train_acc=0.296 check=-1.3997 best=-1.3997@ep01
      [probe] ep02 train_loss=1.5636 train_acc=0.475 check=-1.2582 best=-1.2582@ep02
      [probe] ep03 train_loss=1.5507 train_acc=0.458 check=-1.4684 best=-1.2582@ep02
      [probe] ep04 train_loss=1.4855 train_acc=0.430 check=-1.3563 best=-1.2582@ep02
      [probe] ep05 train_loss=1.4542 train_acc=0.458 check=-1.3606 best=-1.2582@ep02
      [probe] ep06 train_loss=1.3868 train_acc=0.480 check=-1.4174 best=-1.2582@ep02
      [probe] ep07 train_loss=1.4437 train_acc=0.408 check=-1.4389 best=-1.2582@ep02
      [probe] ep08 train_loss=1.3873 train_acc=0.458 check=-1.3138 best=-1.2582@ep02
      [probe] ep09 train_loss=1.3494 train_acc=0.525 check=-1.2745 best=-1.2582@ep02
      [probe] ep10 train_loss=1.3048 train_acc=0.508 check=-1.2522 best=-1.2522@ep10
      [probe] ep11 train_loss=1.2902 train_acc=0.547 check=-1.0803 best=-1.0803@ep11
      [probe] ep12 train_loss=1.3024 train_acc=0.598 check=-1.3041 best=-1.0803@ep11
      [probe] ep13 train_loss=1.2347 train_acc=0.536 check=-1.1807 best=-1.0803@ep11
      [probe] ep14 train_loss=1.2890 train_acc=0.581 check=-1.1576 best=-1.0803@ep11
      [probe] ep15 train_loss=1.1562 train_acc=0.642 check=-1.2582 best=-1.0803@ep11
      [probe] ep16 train_loss=1.2017 train_acc=0.587 check=-1.1363 best=-1.0803@ep11
      [probe] ep17 train_loss=1.1995 train_acc=0.631 check=-1.1448 best=-1.0803@ep11
      [probe] ep18 train_loss=1.1968 train_acc=0.598 check=-1.2728 best=-1.0803@ep11
      [probe] ep19 train_loss=1.1335 train_acc=0.626 check=-1.1640 best=-1.0803@ep11
      [probe] ep20 train_loss=1.1431 train_acc=0.587 check=-1.2104 best=-1.0803@ep11
      [probe] ep21 train_loss=1.1089 train_acc=0.682 check=-1.0848 best=-1.0803@ep11
      [probe] ep22 train_loss=1.1181 train_acc=0.642 check=-1.1196 best=-1.0803@ep11
      [probe] ep23 train_loss=1.0399 train_acc=0.732 check=-1.0013 best=-1.0013@ep23
      [probe] ep24 train_loss=1.0613 train_acc=0.698 check=-1.0201 best=-1.0013@ep23
      [probe] ep25 train_loss=1.0405 train_acc=0.709 check=-1.0636 best=-1.0013@ep23
      [probe] ep26 train_loss=1.0950 train_acc=0.715 check=-1.0725 best=-1.0013@ep23
      [probe] ep27 train_loss=1.0262 train_acc=0.732 check=-1.2316 best=-1.0013@ep23
      [probe] ep28 train_loss=1.0206 train_acc=0.715 check=-1.1537 best=-1.0013@ep23
      [probe] ep29 train_loss=0.9506 train_acc=0.793 check=-1.1827 best=-1.0013@ep23
      [probe] ep30 train_loss=0.9674 train_acc=0.771 check=-1.1604 best=-1.0013@ep23
      [probe] ep31 train_loss=1.0097 train_acc=0.749 check=-1.1783 best=-1.0013@ep23
      [probe] ep32 train_loss=0.9993 train_acc=0.749 check=-1.1361 best=-1.0013@ep23
      [probe] ep33 train_loss=0.8757 train_acc=0.799 check=-1.0414 best=-1.0013@ep23
      [probe] ep34 train_loss=0.8827 train_acc=0.810 check=-1.0042 best=-1.0013@ep23
      [probe] ep35 train_loss=0.8832 train_acc=0.838 check=-1.0583 best=-1.0013@ep23
      [probe] refit epochs = 24 (check=-1.0013)
      ep00 train_loss=1.6813 train_acc=0.227 | val_loss=1.3051 val_acc=0.385
      ep01 train_loss=1.5169 train_acc=0.395 | val_loss=1.2686 val_acc=0.538
      ep02 train_loss=1.4283 train_acc=0.399 | val_loss=1.1081 val_acc=0.538
      ep03 train_loss=1.3210 train_acc=0.433 | val_loss=1.0251 val_acc=0.615
      ep04 train_loss=1.3206 train_acc=0.429 | val_loss=0.9975 val_acc=0.615
      ep05 train_loss=1.2538 train_acc=0.519 | val_loss=0.7721 val_acc=0.846
      ep06 train_loss=1.1570 train_acc=0.579 | val_loss=0.6832 val_acc=0.769
      ep07 train_loss=1.2034 train_acc=0.601 | val_loss=0.6109 val_acc=0.769
      ep08 train_loss=1.1630 train_acc=0.532 | val_loss=0.5163 val_acc=0.769
      ep09 train_loss=1.1307 train_acc=0.597 | val_loss=0.4612 val_acc=0.923
      ep10 train_loss=1.0663 train_acc=0.639 | val_loss=0.5576 val_acc=0.769
      ep11 train_loss=1.0770 train_acc=0.618 | val_loss=0.4571 val_acc=0.846
      ep12 train_loss=1.0734 train_acc=0.635 | val_loss=0.6072 val_acc=0.923
      ep13 train_loss=1.0291 train_acc=0.674 | val_loss=0.3702 val_acc=0.923
      ep14 train_loss=1.0095 train_acc=0.661 | val_loss=0.3761 val_acc=0.923
      ep15 train_loss=0.9653 train_acc=0.742 | val_loss=0.4899 val_acc=0.769
      ep16 train_loss=0.8797 train_acc=0.773 | val_loss=0.3844 val_acc=0.923
      ep17 train_loss=0.9122 train_acc=0.742 | val_loss=0.4118 val_acc=0.846
      ep18 train_loss=0.9307 train_acc=0.734 | val_loss=0.4058 val_acc=0.923
      ep19 train_loss=0.9735 train_acc=0.695 | val_loss=0.4811 val_acc=0.846
      ep20 train_loss=0.9032 train_acc=0.751 | val_loss=0.4058 val_acc=0.923
      ep21 train_loss=0.9539 train_acc=0.760 | val_loss=0.4259 val_acc=0.846
      saved re-evaluation checkpoint fold8_ep21.pt
      ep22 train_loss=0.9196 train_acc=0.742 | val_loss=0.3793 val_acc=0.923
      saved re-evaluation checkpoint fold8_ep22.pt
      ep23 train_loss=0.9443 train_acc=0.764 | val_loss=0.3969 val_acc=0.846
      saved re-evaluation checkpoint fold8_ep23.pt
fold result: UF1=0.5000 UAR=0.4667 ACC=0.8462
fold 10/26: 25 train subjects / 1 validation subjects; 233 train / 13 validation samples
      [early-stop] inner-val subjects=[8, 11, 17, 18, 21, 22] n_fit=179 n_check=54
      [probe] ep00 train_loss=1.7197 train_acc=0.246 check=-1.6608 best=-1.6608@ep00
      [probe] ep01 train_loss=1.5480 train_acc=0.335 check=-1.4285 best=-1.4285@ep01
      [probe] ep02 train_loss=1.4671 train_acc=0.436 check=-1.2867 best=-1.2867@ep02
      [probe] ep03 train_loss=1.4234 train_acc=0.436 check=-1.4769 best=-1.2867@ep02
      [probe] ep04 train_loss=1.3908 train_acc=0.475 check=-1.2742 best=-1.2742@ep04
      [probe] ep05 train_loss=1.3366 train_acc=0.508 check=-1.3977 best=-1.2742@ep04
      [probe] ep06 train_loss=1.3273 train_acc=0.464 check=-1.2374 best=-1.2374@ep06
      [probe] ep07 train_loss=1.2659 train_acc=0.497 check=-1.2839 best=-1.2374@ep06
      [probe] ep08 train_loss=1.2280 train_acc=0.547 check=-1.1935 best=-1.1935@ep08
      [probe] ep09 train_loss=1.1650 train_acc=0.609 check=-1.2833 best=-1.1935@ep08
      [probe] ep10 train_loss=1.2355 train_acc=0.525 check=-1.3408 best=-1.1935@ep08
      [probe] ep11 train_loss=1.1933 train_acc=0.587 check=-1.0117 best=-1.0117@ep11
      [probe] ep12 train_loss=1.1529 train_acc=0.642 check=-1.0700 best=-1.0117@ep11
      [probe] ep13 train_loss=1.1426 train_acc=0.553 check=-1.0887 best=-1.0117@ep11
      [probe] ep14 train_loss=1.1155 train_acc=0.575 check=-1.0325 best=-1.0117@ep11
      [probe] ep15 train_loss=1.0417 train_acc=0.670 check=-1.1461 best=-1.0117@ep11
      [probe] ep16 train_loss=1.0637 train_acc=0.626 check=-1.0244 best=-1.0117@ep11
      [probe] ep17 train_loss=1.0915 train_acc=0.654 check=-1.0566 best=-1.0117@ep11
      [probe] ep18 train_loss=1.0673 train_acc=0.648 check=-0.9746 best=-0.9746@ep18
      [probe] ep19 train_loss=0.9839 train_acc=0.654 check=-1.0768 best=-0.9746@ep18
      [probe] ep20 train_loss=1.0336 train_acc=0.676 check=-1.1071 best=-0.9746@ep18
      [probe] ep21 train_loss=0.9493 train_acc=0.715 check=-0.9679 best=-0.9679@ep21
      [probe] ep22 train_loss=0.9719 train_acc=0.704 check=-1.0428 best=-0.9679@ep21
      [probe] ep23 train_loss=0.8893 train_acc=0.737 check=-0.9916 best=-0.9679@ep21
      [probe] ep24 train_loss=0.9439 train_acc=0.715 check=-1.0409 best=-0.9679@ep21
      [probe] ep25 train_loss=0.8878 train_acc=0.765 check=-0.9325 best=-0.9325@ep25
      [probe] ep26 train_loss=0.9565 train_acc=0.726 check=-0.9424 best=-0.9325@ep25
      [probe] ep27 train_loss=0.8821 train_acc=0.754 check=-0.9589 best=-0.9325@ep25
      [probe] ep28 train_loss=0.8908 train_acc=0.743 check=-0.9046 best=-0.9046@ep28
      [probe] ep29 train_loss=0.8333 train_acc=0.799 check=-0.9801 best=-0.9046@ep28
      [probe] ep30 train_loss=0.8380 train_acc=0.765 check=-0.9191 best=-0.9046@ep28
      [probe] ep31 train_loss=0.8459 train_acc=0.782 check=-0.9495 best=-0.9046@ep28
      [probe] ep32 train_loss=0.8296 train_acc=0.804 check=-0.9354 best=-0.9046@ep28
      [probe] ep33 train_loss=0.7614 train_acc=0.810 check=-0.9136 best=-0.9046@ep28
      [probe] ep34 train_loss=0.7599 train_acc=0.816 check=-0.8942 best=-0.8942@ep34
      [probe] ep35 train_loss=0.7724 train_acc=0.832 check=-0.9610 best=-0.8942@ep34
      [probe] ep36 train_loss=0.7430 train_acc=0.855 check=-0.9095 best=-0.8942@ep34
      [probe] ep37 train_loss=0.7513 train_acc=0.844 check=-0.9521 best=-0.8942@ep34
      [probe] ep38 train_loss=0.7437 train_acc=0.821 check=-0.9739 best=-0.8942@ep34
      [probe] ep39 train_loss=0.7198 train_acc=0.888 check=-0.9494 best=-0.8942@ep34
      [probe] ep40 train_loss=0.7112 train_acc=0.872 check=-0.8731 best=-0.8731@ep40
      [probe] ep41 train_loss=0.7230 train_acc=0.849 check=-0.9470 best=-0.8731@ep40
      [probe] ep42 train_loss=0.7045 train_acc=0.911 check=-0.9142 best=-0.8731@ep40
      [probe] ep43 train_loss=0.7091 train_acc=0.860 check=-0.8499 best=-0.8499@ep43
      [probe] ep44 train_loss=0.6831 train_acc=0.872 check=-0.9037 best=-0.8499@ep43
      [probe] ep45 train_loss=0.6856 train_acc=0.883 check=-0.9223 best=-0.8499@ep43
      [probe] ep46 train_loss=0.6822 train_acc=0.905 check=-0.8951 best=-0.8499@ep43
      [probe] ep47 train_loss=0.6969 train_acc=0.899 check=-0.8455 best=-0.8455@ep47
      [probe] ep48 train_loss=0.6839 train_acc=0.899 check=-0.8696 best=-0.8455@ep47
      [probe] ep49 train_loss=0.6666 train_acc=0.911 check=-0.8738 best=-0.8455@ep47
      [probe] ep50 train_loss=0.6745 train_acc=0.933 check=-0.8952 best=-0.8455@ep47
      [probe] ep51 train_loss=0.7229 train_acc=0.883 check=-0.9242 best=-0.8455@ep47
      [probe] ep52 train_loss=0.7224 train_acc=0.899 check=-0.8543 best=-0.8455@ep47
      [probe] ep53 train_loss=0.7035 train_acc=0.894 check=-0.8451 best=-0.8451@ep53
      [probe] ep54 train_loss=0.6851 train_acc=0.922 check=-0.8739 best=-0.8451@ep53
      [probe] ep55 train_loss=0.7197 train_acc=0.894 check=-0.8772 best=-0.8451@ep53
      [probe] ep56 train_loss=0.6769 train_acc=0.922 check=-0.8988 best=-0.8451@ep53
      [probe] ep57 train_loss=0.6785 train_acc=0.905 check=-0.9061 best=-0.8451@ep53
      [probe] ep58 train_loss=0.6785 train_acc=0.888 check=-0.8905 best=-0.8451@ep53
      [probe] ep59 train_loss=0.6538 train_acc=0.927 check=-0.9038 best=-0.8451@ep53
      [probe] refit epochs = 54 (check=-0.8451)
      ep00 train_loss=1.6095 train_acc=0.288 | val_loss=1.4370 val_acc=0.308
      ep01 train_loss=1.4832 train_acc=0.421 | val_loss=0.9089 val_acc=0.615
      ep02 train_loss=1.3528 train_acc=0.446 | val_loss=1.5814 val_acc=0.000
      ep03 train_loss=1.2880 train_acc=0.485 | val_loss=1.2998 val_acc=0.154
      ep04 train_loss=1.2698 train_acc=0.464 | val_loss=1.8541 val_acc=0.000
      ep05 train_loss=1.1977 train_acc=0.567 | val_loss=1.0229 val_acc=0.615
      ep06 train_loss=1.1278 train_acc=0.597 | val_loss=1.3150 val_acc=0.154
      ep07 train_loss=1.1545 train_acc=0.584 | val_loss=1.1518 val_acc=0.615
      ep08 train_loss=1.1063 train_acc=0.571 | val_loss=0.9544 val_acc=0.615
      ep09 train_loss=1.0931 train_acc=0.588 | val_loss=0.8342 val_acc=0.769
      ep10 train_loss=1.0700 train_acc=0.605 | val_loss=1.2005 val_acc=0.308
      ep11 train_loss=1.0997 train_acc=0.635 | val_loss=1.1511 val_acc=0.154
      ep12 train_loss=1.0253 train_acc=0.661 | val_loss=1.1568 val_acc=0.385
      ep13 train_loss=1.0553 train_acc=0.627 | val_loss=0.9575 val_acc=0.615
      ep14 train_loss=1.0054 train_acc=0.665 | val_loss=0.9025 val_acc=0.769
      ep15 train_loss=0.9435 train_acc=0.717 | val_loss=1.6616 val_acc=0.000
      ep16 train_loss=0.9212 train_acc=0.708 | val_loss=1.0007 val_acc=0.538
      ep17 train_loss=0.9334 train_acc=0.717 | val_loss=1.0804 val_acc=0.385
      ep18 train_loss=0.9444 train_acc=0.695 | val_loss=1.0334 val_acc=0.615
      ep19 train_loss=0.9631 train_acc=0.678 | val_loss=0.8040 val_acc=0.846
      ep20 train_loss=0.8945 train_acc=0.708 | val_loss=1.0229 val_acc=0.692
      ep21 train_loss=0.9456 train_acc=0.725 | val_loss=0.8454 val_acc=0.692
      ep22 train_loss=0.8563 train_acc=0.738 | val_loss=0.7272 val_acc=0.846
      ep23 train_loss=0.8137 train_acc=0.781 | val_loss=0.6888 val_acc=0.846
      ep24 train_loss=0.8149 train_acc=0.760 | val_loss=1.1396 val_acc=0.385
      ep25 train_loss=0.8256 train_acc=0.798 | val_loss=0.7119 val_acc=0.846
      ep26 train_loss=0.8135 train_acc=0.807 | val_loss=0.8024 val_acc=0.769
      ep27 train_loss=0.7057 train_acc=0.867 | val_loss=0.6437 val_acc=0.769
      ep28 train_loss=0.8021 train_acc=0.803 | val_loss=0.4209 val_acc=0.923
      ep29 train_loss=0.7455 train_acc=0.828 | val_loss=0.5897 val_acc=0.769
      ep30 train_loss=0.7442 train_acc=0.828 | val_loss=0.4640 val_acc=0.846
      ep31 train_loss=0.7907 train_acc=0.820 | val_loss=0.3919 val_acc=0.846
      ep32 train_loss=0.7476 train_acc=0.850 | val_loss=0.4683 val_acc=0.846
      ep33 train_loss=0.7125 train_acc=0.863 | val_loss=0.5367 val_acc=0.846
      ep34 train_loss=0.7373 train_acc=0.841 | val_loss=0.4261 val_acc=0.923
      ep35 train_loss=0.6783 train_acc=0.888 | val_loss=0.7926 val_acc=0.769
      ep36 train_loss=0.6926 train_acc=0.863 | val_loss=0.5525 val_acc=0.846
      ep37 train_loss=0.7028 train_acc=0.876 | val_loss=0.6509 val_acc=0.769
      ep38 train_loss=0.7191 train_acc=0.876 | val_loss=0.8573 val_acc=0.615
      ep39 train_loss=0.6978 train_acc=0.884 | val_loss=0.6465 val_acc=0.769
      ep40 train_loss=0.6660 train_acc=0.897 | val_loss=0.6439 val_acc=0.846
      ep41 train_loss=0.6346 train_acc=0.927 | val_loss=0.5413 val_acc=0.846
      ep42 train_loss=0.6577 train_acc=0.871 | val_loss=0.4803 val_acc=0.846
      ep43 train_loss=0.6840 train_acc=0.936 | val_loss=0.4970 val_acc=0.846
      ep44 train_loss=0.6830 train_acc=0.893 | val_loss=0.4953 val_acc=0.846
      ep45 train_loss=0.6357 train_acc=0.936 | val_loss=0.4784 val_acc=0.846
      ep46 train_loss=0.6633 train_acc=0.888 | val_loss=0.6083 val_acc=0.846
      ep47 train_loss=0.6249 train_acc=0.910 | val_loss=0.4911 val_acc=0.846
      ep48 train_loss=0.6342 train_acc=0.914 | val_loss=0.5121 val_acc=0.846
      ep49 train_loss=0.6485 train_acc=0.910 | val_loss=0.5648 val_acc=0.846
      ep50 train_loss=0.6787 train_acc=0.888 | val_loss=0.5697 val_acc=0.846
      ep51 train_loss=0.6222 train_acc=0.927 | val_loss=0.4621 val_acc=0.846
      saved re-evaluation checkpoint fold9_ep51.pt
      ep52 train_loss=0.6775 train_acc=0.880 | val_loss=0.4686 val_acc=0.846
      saved re-evaluation checkpoint fold9_ep52.pt
      ep53 train_loss=0.6325 train_acc=0.931 | val_loss=0.5703 val_acc=0.846
      saved re-evaluation checkpoint fold9_ep53.pt
fold result: UF1=0.1833 UAR=0.1692 ACC=0.8462
fold 11/26: 25 train subjects / 1 validation subjects; 236 train / 10 validation samples
      [early-stop] inner-val subjects=[8, 10, 17, 18, 21, 22] n_fit=179 n_check=57
      [probe] ep00 train_loss=1.7197 train_acc=0.246 check=-1.6150 best=-1.6150@ep00
      [probe] ep01 train_loss=1.5480 train_acc=0.335 check=-1.3918 best=-1.3918@ep01
      [probe] ep02 train_loss=1.4671 train_acc=0.436 check=-1.2061 best=-1.2061@ep02
      [probe] ep03 train_loss=1.4234 train_acc=0.436 check=-1.4257 best=-1.2061@ep02
      [probe] ep04 train_loss=1.3908 train_acc=0.475 check=-1.3377 best=-1.2061@ep02
      [probe] ep05 train_loss=1.3366 train_acc=0.508 check=-1.3473 best=-1.2061@ep02
      [probe] ep06 train_loss=1.3273 train_acc=0.464 check=-1.2838 best=-1.2061@ep02
      [probe] ep07 train_loss=1.2659 train_acc=0.497 check=-1.2464 best=-1.2061@ep02
      [probe] ep08 train_loss=1.2280 train_acc=0.547 check=-1.1846 best=-1.1846@ep08
      [probe] ep09 train_loss=1.1650 train_acc=0.609 check=-1.2972 best=-1.1846@ep08
      [probe] ep10 train_loss=1.2355 train_acc=0.525 check=-1.3140 best=-1.1846@ep08
      [probe] ep11 train_loss=1.1933 train_acc=0.587 check=-1.0215 best=-1.0215@ep11
      [probe] ep12 train_loss=1.1529 train_acc=0.642 check=-1.1516 best=-1.0215@ep11
      [probe] ep13 train_loss=1.1426 train_acc=0.553 check=-1.1092 best=-1.0215@ep11
      [probe] ep14 train_loss=1.1155 train_acc=0.575 check=-1.0317 best=-1.0215@ep11
      [probe] ep15 train_loss=1.0417 train_acc=0.670 check=-1.1369 best=-1.0215@ep11
      [probe] ep16 train_loss=1.0637 train_acc=0.626 check=-1.0552 best=-1.0215@ep11
      [probe] ep17 train_loss=1.0915 train_acc=0.654 check=-1.1063 best=-1.0215@ep11
      [probe] ep18 train_loss=1.0673 train_acc=0.648 check=-1.0333 best=-1.0215@ep11
      [probe] ep19 train_loss=0.9839 train_acc=0.654 check=-1.1523 best=-1.0215@ep11
      [probe] ep20 train_loss=1.0336 train_acc=0.676 check=-1.1823 best=-1.0215@ep11
      [probe] ep21 train_loss=0.9493 train_acc=0.715 check=-1.0139 best=-1.0139@ep21
      [probe] ep22 train_loss=0.9719 train_acc=0.704 check=-1.0500 best=-1.0139@ep21
      [probe] ep23 train_loss=0.8893 train_acc=0.737 check=-1.1083 best=-1.0139@ep21
      [probe] ep24 train_loss=0.9439 train_acc=0.715 check=-1.1033 best=-1.0139@ep21
      [probe] ep25 train_loss=0.8878 train_acc=0.765 check=-1.0394 best=-1.0139@ep21
      [probe] ep26 train_loss=0.9565 train_acc=0.726 check=-0.9434 best=-0.9434@ep26
      [probe] ep27 train_loss=0.8821 train_acc=0.754 check=-1.0366 best=-0.9434@ep26
      [probe] ep28 train_loss=0.8908 train_acc=0.743 check=-0.8990 best=-0.8990@ep28
      [probe] ep29 train_loss=0.8333 train_acc=0.799 check=-1.0912 best=-0.8990@ep28
      [probe] ep30 train_loss=0.8380 train_acc=0.765 check=-0.9285 best=-0.8990@ep28
      [probe] ep31 train_loss=0.8459 train_acc=0.782 check=-0.9985 best=-0.8990@ep28
      [probe] ep32 train_loss=0.8296 train_acc=0.804 check=-0.9461 best=-0.8990@ep28
      [probe] ep33 train_loss=0.7614 train_acc=0.810 check=-1.0272 best=-0.8990@ep28
      [probe] ep34 train_loss=0.7599 train_acc=0.816 check=-1.0722 best=-0.8990@ep28
      [probe] ep35 train_loss=0.7724 train_acc=0.832 check=-1.0529 best=-0.8990@ep28
      [probe] ep36 train_loss=0.7430 train_acc=0.855 check=-1.0388 best=-0.8990@ep28
      [probe] ep37 train_loss=0.7513 train_acc=0.844 check=-1.0295 best=-0.8990@ep28
      [probe] ep38 train_loss=0.7437 train_acc=0.821 check=-1.0897 best=-0.8990@ep28
      [probe] ep39 train_loss=0.7198 train_acc=0.888 check=-1.0421 best=-0.8990@ep28
      [probe] ep40 train_loss=0.7112 train_acc=0.872 check=-0.9090 best=-0.8990@ep28
      [probe] refit epochs = 29 (check=-0.8990)
      ep00 train_loss=1.5998 train_acc=0.242 | val_loss=1.6440 val_acc=0.200
      ep01 train_loss=1.4668 train_acc=0.373 | val_loss=1.2213 val_acc=0.300
      ep02 train_loss=1.3675 train_acc=0.419 | val_loss=1.3499 val_acc=0.300
      ep03 train_loss=1.3704 train_acc=0.398 | val_loss=1.0418 val_acc=0.600
      ep04 train_loss=1.2883 train_acc=0.517 | val_loss=1.0497 val_acc=0.400
      ep05 train_loss=1.2159 train_acc=0.525 | val_loss=1.3642 val_acc=0.400
      ep06 train_loss=1.2323 train_acc=0.521 | val_loss=1.0245 val_acc=0.300
      ep07 train_loss=1.1391 train_acc=0.559 | val_loss=1.2238 val_acc=0.300
      ep08 train_loss=1.1042 train_acc=0.555 | val_loss=1.0599 val_acc=0.300
      ep09 train_loss=1.1063 train_acc=0.614 | val_loss=0.7600 val_acc=0.700
      ep10 train_loss=1.0081 train_acc=0.640 | val_loss=0.8777 val_acc=0.500
      ep11 train_loss=1.0475 train_acc=0.644 | val_loss=0.8827 val_acc=0.600
      ep12 train_loss=1.0228 train_acc=0.674 | val_loss=1.1654 val_acc=0.300
      ep13 train_loss=1.0064 train_acc=0.653 | val_loss=0.8653 val_acc=0.500
      ep14 train_loss=1.0087 train_acc=0.695 | val_loss=0.7851 val_acc=0.600
      ep15 train_loss=1.0032 train_acc=0.682 | val_loss=0.9185 val_acc=0.600
      ep16 train_loss=0.9848 train_acc=0.661 | val_loss=0.7148 val_acc=0.700
      ep17 train_loss=0.9181 train_acc=0.703 | val_loss=0.7221 val_acc=0.700
      ep18 train_loss=0.8594 train_acc=0.780 | val_loss=0.8321 val_acc=0.500
      ep19 train_loss=0.9124 train_acc=0.716 | val_loss=0.7560 val_acc=0.600
      ep20 train_loss=0.8457 train_acc=0.750 | val_loss=0.7891 val_acc=0.600
      ep21 train_loss=0.8096 train_acc=0.801 | val_loss=0.6650 val_acc=0.700
      ep22 train_loss=0.8206 train_acc=0.831 | val_loss=0.6913 val_acc=0.600
      ep23 train_loss=0.8141 train_acc=0.788 | val_loss=0.6546 val_acc=0.700
      ep24 train_loss=0.8172 train_acc=0.780 | val_loss=0.6951 val_acc=0.700
      ep25 train_loss=0.7988 train_acc=0.814 | val_loss=0.6426 val_acc=0.600
      ep26 train_loss=0.8082 train_acc=0.805 | val_loss=0.6085 val_acc=0.800
      saved re-evaluation checkpoint fold10_ep26.pt
      ep27 train_loss=0.7656 train_acc=0.826 | val_loss=0.5841 val_acc=0.700
      saved re-evaluation checkpoint fold10_ep27.pt
      ep28 train_loss=0.7558 train_acc=0.835 | val_loss=0.6792 val_acc=0.500
      saved re-evaluation checkpoint fold10_ep28.pt
fold result: UF1=0.3596 UAR=0.3667 ACC=0.9000
fold 12/26: 25 train subjects / 1 validation subjects; 234 train / 12 validation samples
      [early-stop] inner-val subjects=[8, 10, 17, 18, 21, 22] n_fit=177 n_check=57
      [probe] ep00 train_loss=1.7271 train_acc=0.328 check=-1.5255 best=-1.5255@ep00
      [probe] ep01 train_loss=1.6058 train_acc=0.395 check=-1.5054 best=-1.5054@ep01
      [probe] ep02 train_loss=1.5327 train_acc=0.333 check=-1.2551 best=-1.2551@ep02
      [probe] ep03 train_loss=1.3915 train_acc=0.452 check=-1.3322 best=-1.2551@ep02
      [probe] ep04 train_loss=1.4832 train_acc=0.412 check=-1.3183 best=-1.2551@ep02
      [probe] ep05 train_loss=1.3219 train_acc=0.446 check=-1.2498 best=-1.2498@ep05
      [probe] ep06 train_loss=1.2745 train_acc=0.559 check=-1.4327 best=-1.2498@ep05
      [probe] ep07 train_loss=1.3736 train_acc=0.469 check=-1.3374 best=-1.2498@ep05
      [probe] ep08 train_loss=1.2383 train_acc=0.559 check=-1.2126 best=-1.2126@ep08
      [probe] ep09 train_loss=1.2231 train_acc=0.554 check=-1.1367 best=-1.1367@ep09
      [probe] ep10 train_loss=1.1633 train_acc=0.565 check=-1.0456 best=-1.0456@ep10
      [probe] ep11 train_loss=1.2121 train_acc=0.616 check=-0.9477 best=-0.9477@ep11
      [probe] ep12 train_loss=1.2152 train_acc=0.582 check=-1.0329 best=-0.9477@ep11
      [probe] ep13 train_loss=1.1348 train_acc=0.593 check=-1.0077 best=-0.9477@ep11
      [probe] ep14 train_loss=1.1009 train_acc=0.621 check=-1.0011 best=-0.9477@ep11
      [probe] ep15 train_loss=1.1039 train_acc=0.627 check=-1.0914 best=-0.9477@ep11
      [probe] ep16 train_loss=1.0785 train_acc=0.627 check=-1.0086 best=-0.9477@ep11
      [probe] ep17 train_loss=1.0464 train_acc=0.667 check=-1.1179 best=-0.9477@ep11
      [probe] ep18 train_loss=1.0761 train_acc=0.667 check=-1.1907 best=-0.9477@ep11
      [probe] ep19 train_loss=0.9984 train_acc=0.672 check=-0.9208 best=-0.9208@ep19
      [probe] ep20 train_loss=1.0104 train_acc=0.672 check=-1.1748 best=-0.9208@ep19
      [probe] ep21 train_loss=1.0067 train_acc=0.689 check=-1.1885 best=-0.9208@ep19
      [probe] ep22 train_loss=0.9283 train_acc=0.706 check=-0.9798 best=-0.9208@ep19
      [probe] ep23 train_loss=0.9821 train_acc=0.672 check=-0.9105 best=-0.9105@ep23
      [probe] ep24 train_loss=0.9706 train_acc=0.740 check=-1.2095 best=-0.9105@ep23
      [probe] ep25 train_loss=0.9951 train_acc=0.701 check=-1.0392 best=-0.9105@ep23
      [probe] ep26 train_loss=0.8917 train_acc=0.808 check=-0.9889 best=-0.9105@ep23
      [probe] ep27 train_loss=0.9116 train_acc=0.695 check=-1.0410 best=-0.9105@ep23
      [probe] ep28 train_loss=0.8643 train_acc=0.785 check=-1.0814 best=-0.9105@ep23
      [probe] ep29 train_loss=0.8623 train_acc=0.780 check=-1.0135 best=-0.9105@ep23
      [probe] ep30 train_loss=0.8742 train_acc=0.757 check=-1.2001 best=-0.9105@ep23
      [probe] ep31 train_loss=0.8679 train_acc=0.774 check=-0.9577 best=-0.9105@ep23
      [probe] ep32 train_loss=0.8448 train_acc=0.768 check=-1.0190 best=-0.9105@ep23
      [probe] ep33 train_loss=0.8054 train_acc=0.814 check=-1.0175 best=-0.9105@ep23
      [probe] ep34 train_loss=0.7918 train_acc=0.819 check=-0.9909 best=-0.9105@ep23
      [probe] ep35 train_loss=0.7900 train_acc=0.859 check=-1.1471 best=-0.9105@ep23
      [probe] refit epochs = 24 (check=-0.9105)
      ep00 train_loss=1.6546 train_acc=0.316 | val_loss=1.6618 val_acc=0.167
      ep01 train_loss=1.5615 train_acc=0.376 | val_loss=1.3042 val_acc=0.500
      ep02 train_loss=1.4582 train_acc=0.397 | val_loss=0.9084 val_acc=0.750
      ep03 train_loss=1.3700 train_acc=0.487 | val_loss=0.8188 val_acc=0.750
      ep04 train_loss=1.3421 train_acc=0.530 | val_loss=0.7294 val_acc=0.750
      ep05 train_loss=1.2212 train_acc=0.547 | val_loss=0.7752 val_acc=0.750
      ep06 train_loss=1.2847 train_acc=0.513 | val_loss=0.8181 val_acc=0.667
      ep07 train_loss=1.1596 train_acc=0.611 | val_loss=0.8300 val_acc=0.750
      ep08 train_loss=1.1089 train_acc=0.620 | val_loss=0.9051 val_acc=0.583
      ep09 train_loss=1.1680 train_acc=0.611 | val_loss=0.9784 val_acc=0.583
      ep10 train_loss=1.0697 train_acc=0.607 | val_loss=0.8653 val_acc=0.583
      ep11 train_loss=1.1233 train_acc=0.620 | val_loss=0.8277 val_acc=0.667
      ep12 train_loss=1.0339 train_acc=0.650 | val_loss=0.7110 val_acc=0.667
      ep13 train_loss=1.0291 train_acc=0.662 | val_loss=0.8010 val_acc=0.583
      ep14 train_loss=0.9777 train_acc=0.675 | val_loss=0.6302 val_acc=0.750
      ep15 train_loss=0.9635 train_acc=0.722 | val_loss=0.6726 val_acc=0.833
      ep16 train_loss=0.8907 train_acc=0.761 | val_loss=0.7691 val_acc=0.667
      ep17 train_loss=0.9005 train_acc=0.735 | val_loss=0.7567 val_acc=0.750
      ep18 train_loss=0.8538 train_acc=0.756 | val_loss=0.7276 val_acc=0.750
      ep19 train_loss=0.8779 train_acc=0.795 | val_loss=0.7337 val_acc=0.750
      ep20 train_loss=0.8299 train_acc=0.774 | val_loss=0.7331 val_acc=0.750
      ep21 train_loss=0.8615 train_acc=0.769 | val_loss=0.8048 val_acc=0.667
      saved re-evaluation checkpoint fold11_ep21.pt
      ep22 train_loss=0.8360 train_acc=0.791 | val_loss=0.7620 val_acc=0.583
      saved re-evaluation checkpoint fold11_ep22.pt
      ep23 train_loss=0.8645 train_acc=0.774 | val_loss=0.7171 val_acc=0.750
      saved re-evaluation checkpoint fold11_ep23.pt
fold result: UF1=0.5921 UAR=0.6800 ACC=0.7500
fold 13/26: 25 train subjects / 1 validation subjects; 238 train / 8 validation samples
      [early-stop] inner-val subjects=[8, 10, 17, 18, 21, 22] n_fit=181 n_check=57
      [probe] ep00 train_loss=1.6626 train_acc=0.243 check=-1.6179 best=-1.6179@ep00
      [probe] ep01 train_loss=1.5443 train_acc=0.398 check=-1.3557 best=-1.3557@ep01
      [probe] ep02 train_loss=1.4212 train_acc=0.486 check=-1.1739 best=-1.1739@ep02
      [probe] ep03 train_loss=1.3777 train_acc=0.475 check=-1.0862 best=-1.0862@ep03
      [probe] ep04 train_loss=1.3219 train_acc=0.481 check=-1.3200 best=-1.0862@ep03
      [probe] ep05 train_loss=1.2429 train_acc=0.580 check=-1.1069 best=-1.0862@ep03
      [probe] ep06 train_loss=1.2480 train_acc=0.530 check=-1.2924 best=-1.0862@ep03
      [probe] ep07 train_loss=1.2306 train_acc=0.586 check=-1.0382 best=-1.0382@ep07
      [probe] ep08 train_loss=1.3074 train_acc=0.486 check=-1.2560 best=-1.0382@ep07
      [probe] ep09 train_loss=1.2216 train_acc=0.514 check=-1.0660 best=-1.0382@ep07
      [probe] ep10 train_loss=1.1144 train_acc=0.525 check=-0.9880 best=-0.9880@ep10
      [probe] ep11 train_loss=1.2126 train_acc=0.547 check=-1.0586 best=-0.9880@ep10
      [probe] ep12 train_loss=1.0568 train_acc=0.602 check=-1.1104 best=-0.9880@ep10
      [probe] ep13 train_loss=1.1147 train_acc=0.635 check=-0.9348 best=-0.9348@ep13
      [probe] ep14 train_loss=1.0117 train_acc=0.646 check=-0.9759 best=-0.9348@ep13
      [probe] ep15 train_loss=1.1234 train_acc=0.564 check=-0.9823 best=-0.9348@ep13
      [probe] ep16 train_loss=1.0568 train_acc=0.669 check=-0.8970 best=-0.8970@ep16
      [probe] ep17 train_loss=0.9779 train_acc=0.652 check=-1.0428 best=-0.8970@ep16
      [probe] ep18 train_loss=0.9872 train_acc=0.685 check=-0.7770 best=-0.7770@ep18
      [probe] ep19 train_loss=0.9903 train_acc=0.680 check=-0.9610 best=-0.7770@ep18
      [probe] ep20 train_loss=0.9512 train_acc=0.740 check=-0.9995 best=-0.7770@ep18
      [probe] ep21 train_loss=0.9978 train_acc=0.707 check=-1.0400 best=-0.7770@ep18
      [probe] ep22 train_loss=0.9026 train_acc=0.768 check=-0.9677 best=-0.7770@ep18
      [probe] ep23 train_loss=0.8225 train_acc=0.796 check=-1.1088 best=-0.7770@ep18
      [probe] ep24 train_loss=0.9395 train_acc=0.735 check=-0.9430 best=-0.7770@ep18
      [probe] ep25 train_loss=0.8613 train_acc=0.735 check=-1.0819 best=-0.7770@ep18
      [probe] ep26 train_loss=0.8573 train_acc=0.823 check=-0.8794 best=-0.7770@ep18
      [probe] ep27 train_loss=0.7909 train_acc=0.834 check=-1.0567 best=-0.7770@ep18
      [probe] ep28 train_loss=0.7998 train_acc=0.823 check=-0.8295 best=-0.7770@ep18
      [probe] ep29 train_loss=0.8667 train_acc=0.790 check=-0.9164 best=-0.7770@ep18
      [probe] ep30 train_loss=0.8193 train_acc=0.834 check=-0.9687 best=-0.7770@ep18
      [probe] refit epochs = 19 (check=-0.7770)
      ep00 train_loss=1.6635 train_acc=0.252 | val_loss=1.5055 val_acc=0.500
      ep01 train_loss=1.4394 train_acc=0.450 | val_loss=1.5068 val_acc=0.125
      ep02 train_loss=1.3465 train_acc=0.437 | val_loss=1.3005 val_acc=0.250
      ep03 train_loss=1.2640 train_acc=0.475 | val_loss=1.1602 val_acc=0.250
      ep04 train_loss=1.2182 train_acc=0.517 | val_loss=1.3013 val_acc=0.250
      ep05 train_loss=1.2074 train_acc=0.563 | val_loss=1.2456 val_acc=0.500
      ep06 train_loss=1.1373 train_acc=0.567 | val_loss=1.1405 val_acc=0.500
      ep07 train_loss=1.1378 train_acc=0.538 | val_loss=1.2661 val_acc=0.250
      ep08 train_loss=1.1199 train_acc=0.571 | val_loss=1.1561 val_acc=0.375
      ep09 train_loss=1.0682 train_acc=0.622 | val_loss=1.2779 val_acc=0.250
      ep10 train_loss=1.0679 train_acc=0.588 | val_loss=1.0087 val_acc=0.500
      ep11 train_loss=1.0329 train_acc=0.655 | val_loss=1.0421 val_acc=0.500
      ep12 train_loss=0.9868 train_acc=0.668 | val_loss=0.9255 val_acc=0.750
      ep13 train_loss=0.9320 train_acc=0.702 | val_loss=0.8889 val_acc=0.625
      ep14 train_loss=0.9745 train_acc=0.731 | val_loss=0.9274 val_acc=0.500
      ep15 train_loss=0.9561 train_acc=0.672 | val_loss=0.9350 val_acc=0.500
      ep16 train_loss=0.9453 train_acc=0.702 | val_loss=0.9245 val_acc=0.500
      saved re-evaluation checkpoint fold12_ep16.pt
      ep17 train_loss=0.8697 train_acc=0.731 | val_loss=0.8785 val_acc=0.625
      saved re-evaluation checkpoint fold12_ep17.pt
      ep18 train_loss=0.9104 train_acc=0.714 | val_loss=0.8111 val_acc=0.500
      saved re-evaluation checkpoint fold12_ep18.pt
fold result: UF1=0.3200 UAR=0.3333 ACC=0.7500
fold 14/26: 25 train subjects / 1 validation subjects; 242 train / 4 validation samples
      [early-stop] inner-val subjects=[8, 10, 17, 18, 21, 22] n_fit=185 n_check=57
      [probe] ep00 train_loss=1.7418 train_acc=0.259 check=-1.7380 best=-1.7380@ep00
      [probe] ep01 train_loss=1.5501 train_acc=0.362 check=-1.3814 best=-1.3814@ep01
      [probe] ep02 train_loss=1.4491 train_acc=0.400 check=-1.2877 best=-1.2877@ep02
      [probe] ep03 train_loss=1.3760 train_acc=0.449 check=-1.1929 best=-1.1929@ep03
      [probe] ep04 train_loss=1.3882 train_acc=0.497 check=-1.1977 best=-1.1929@ep03
      [probe] ep05 train_loss=1.3598 train_acc=0.486 check=-1.2791 best=-1.1929@ep03
      [probe] ep06 train_loss=1.3383 train_acc=0.476 check=-1.4753 best=-1.1929@ep03
      [probe] ep07 train_loss=1.3177 train_acc=0.476 check=-1.3489 best=-1.1929@ep03
      [probe] ep08 train_loss=1.3206 train_acc=0.465 check=-1.2565 best=-1.1929@ep03
      [probe] ep09 train_loss=1.3175 train_acc=0.535 check=-1.2210 best=-1.1929@ep03
      [probe] ep10 train_loss=1.2265 train_acc=0.546 check=-1.3378 best=-1.1929@ep03
      [probe] ep11 train_loss=1.2256 train_acc=0.595 check=-1.1711 best=-1.1711@ep11
      [probe] ep12 train_loss=1.1407 train_acc=0.595 check=-1.1935 best=-1.1711@ep11
      [probe] ep13 train_loss=1.2115 train_acc=0.546 check=-1.1895 best=-1.1711@ep11
      [probe] ep14 train_loss=1.1320 train_acc=0.589 check=-1.2700 best=-1.1711@ep11
      [probe] ep15 train_loss=1.1182 train_acc=0.670 check=-0.9338 best=-0.9338@ep15
      [probe] ep16 train_loss=1.0909 train_acc=0.638 check=-1.0698 best=-0.9338@ep15
      [probe] ep17 train_loss=1.0677 train_acc=0.665 check=-0.9427 best=-0.9338@ep15
      [probe] ep18 train_loss=1.0794 train_acc=0.638 check=-0.9031 best=-0.9031@ep18
      [probe] ep19 train_loss=1.0397 train_acc=0.659 check=-1.0935 best=-0.9031@ep18
      [probe] ep20 train_loss=0.9925 train_acc=0.686 check=-1.1750 best=-0.9031@ep18
      [probe] ep21 train_loss=0.9974 train_acc=0.714 check=-0.9606 best=-0.9031@ep18
      [probe] ep22 train_loss=0.9315 train_acc=0.741 check=-0.8832 best=-0.8832@ep22
      [probe] ep23 train_loss=0.9348 train_acc=0.708 check=-0.9838 best=-0.8832@ep22
      [probe] ep24 train_loss=0.8960 train_acc=0.724 check=-1.1239 best=-0.8832@ep22
      [probe] ep25 train_loss=1.0073 train_acc=0.724 check=-1.0826 best=-0.8832@ep22
      [probe] ep26 train_loss=0.9341 train_acc=0.686 check=-1.1124 best=-0.8832@ep22
      [probe] ep27 train_loss=0.8817 train_acc=0.773 check=-1.0001 best=-0.8832@ep22
      [probe] ep28 train_loss=0.9027 train_acc=0.778 check=-0.9729 best=-0.8832@ep22
      [probe] ep29 train_loss=0.8790 train_acc=0.789 check=-1.0527 best=-0.8832@ep22
      [probe] ep30 train_loss=0.8603 train_acc=0.800 check=-1.0157 best=-0.8832@ep22
      [probe] ep31 train_loss=0.8564 train_acc=0.784 check=-1.0848 best=-0.8832@ep22
      [probe] ep32 train_loss=0.8160 train_acc=0.827 check=-1.1330 best=-0.8832@ep22
      [probe] ep33 train_loss=0.8361 train_acc=0.827 check=-0.8440 best=-0.8440@ep33
      [probe] ep34 train_loss=0.8134 train_acc=0.832 check=-0.9604 best=-0.8440@ep33
      [probe] ep35 train_loss=0.8319 train_acc=0.805 check=-0.9122 best=-0.8440@ep33
      [probe] ep36 train_loss=0.8264 train_acc=0.849 check=-0.8995 best=-0.8440@ep33
      [probe] ep37 train_loss=0.7823 train_acc=0.843 check=-1.0960 best=-0.8440@ep33
      [probe] ep38 train_loss=0.7599 train_acc=0.865 check=-1.0638 best=-0.8440@ep33
      [probe] ep39 train_loss=0.7751 train_acc=0.849 check=-0.9367 best=-0.8440@ep33
      [probe] ep40 train_loss=0.7351 train_acc=0.881 check=-0.9616 best=-0.8440@ep33
      [probe] ep41 train_loss=0.7386 train_acc=0.870 check=-1.0207 best=-0.8440@ep33
      [probe] ep42 train_loss=0.7558 train_acc=0.865 check=-1.0367 best=-0.8440@ep33
      [probe] ep43 train_loss=0.7464 train_acc=0.881 check=-0.9104 best=-0.8440@ep33
      [probe] ep44 train_loss=0.7235 train_acc=0.903 check=-0.9139 best=-0.8440@ep33
      [probe] ep45 train_loss=0.7095 train_acc=0.892 check=-0.9678 best=-0.8440@ep33
      [probe] refit epochs = 34 (check=-0.8440)
      ep00 train_loss=1.6918 train_acc=0.314 | val_loss=1.0681 val_acc=0.750
      ep01 train_loss=1.5438 train_acc=0.372 | val_loss=1.0351 val_acc=0.500
      ep02 train_loss=1.4109 train_acc=0.401 | val_loss=1.1043 val_acc=0.500
      ep03 train_loss=1.4203 train_acc=0.397 | val_loss=0.8284 val_acc=0.750
      ep04 train_loss=1.3556 train_acc=0.450 | val_loss=0.9665 val_acc=0.750
      ep05 train_loss=1.2354 train_acc=0.496 | val_loss=0.9880 val_acc=0.750
      ep06 train_loss=1.2588 train_acc=0.558 | val_loss=0.8976 val_acc=0.750
      ep07 train_loss=1.2230 train_acc=0.525 | val_loss=0.8303 val_acc=0.750
      ep08 train_loss=1.1200 train_acc=0.579 | val_loss=1.5643 val_acc=0.250
      ep09 train_loss=1.1648 train_acc=0.574 | val_loss=1.0336 val_acc=0.750
      ep10 train_loss=1.0883 train_acc=0.591 | val_loss=0.8986 val_acc=0.500
      ep11 train_loss=1.0608 train_acc=0.603 | val_loss=0.7996 val_acc=0.750
      ep12 train_loss=1.0284 train_acc=0.632 | val_loss=0.8523 val_acc=0.750
      ep13 train_loss=1.0525 train_acc=0.628 | val_loss=1.0116 val_acc=0.750
      ep14 train_loss=1.0358 train_acc=0.686 | val_loss=0.9044 val_acc=0.750
      ep15 train_loss=1.0263 train_acc=0.657 | val_loss=1.0704 val_acc=0.750
      ep16 train_loss=0.9912 train_acc=0.698 | val_loss=0.9670 val_acc=0.750
      ep17 train_loss=0.9927 train_acc=0.690 | val_loss=0.8817 val_acc=0.750
      ep18 train_loss=1.0376 train_acc=0.645 | val_loss=1.1988 val_acc=0.500
      ep19 train_loss=0.9073 train_acc=0.731 | val_loss=1.0126 val_acc=0.750
      ep20 train_loss=0.9352 train_acc=0.740 | val_loss=1.1278 val_acc=0.500
      ep21 train_loss=0.8701 train_acc=0.731 | val_loss=1.4057 val_acc=0.250
      ep22 train_loss=0.8752 train_acc=0.789 | val_loss=1.0997 val_acc=0.750
      ep23 train_loss=0.8378 train_acc=0.764 | val_loss=1.0997 val_acc=0.750
      ep24 train_loss=0.8693 train_acc=0.748 | val_loss=1.0898 val_acc=0.750
      ep25 train_loss=0.7991 train_acc=0.806 | val_loss=1.0176 val_acc=0.750
      ep26 train_loss=0.8243 train_acc=0.769 | val_loss=1.2181 val_acc=0.500
      ep27 train_loss=0.7748 train_acc=0.793 | val_loss=1.2766 val_acc=0.500
      ep28 train_loss=0.7276 train_acc=0.864 | val_loss=1.1273 val_acc=0.750
      ep29 train_loss=0.8184 train_acc=0.839 | val_loss=1.2542 val_acc=0.500
      ep30 train_loss=0.7579 train_acc=0.843 | val_loss=1.3695 val_acc=0.500
      ep31 train_loss=0.7998 train_acc=0.822 | val_loss=1.1882 val_acc=0.500
      saved re-evaluation checkpoint fold13_ep31.pt
      ep32 train_loss=0.8319 train_acc=0.810 | val_loss=1.3072 val_acc=0.500
      saved re-evaluation checkpoint fold13_ep32.pt
      ep33 train_loss=0.7688 train_acc=0.839 | val_loss=1.2890 val_acc=0.500
      saved re-evaluation checkpoint fold13_ep33.pt
fold result: UF1=0.2000 UAR=0.2000 ACC=0.7500
fold 15/26: 25 train subjects / 1 validation subjects; 243 train / 3 validation samples
      [early-stop] inner-val subjects=[8, 10, 17, 18, 21, 22] n_fit=186 n_check=57
      [probe] ep00 train_loss=1.7354 train_acc=0.215 check=-1.5657 best=-1.5657@ep00
      [probe] ep01 train_loss=1.5336 train_acc=0.366 check=-1.3131 best=-1.3131@ep01
      [probe] ep02 train_loss=1.4288 train_acc=0.392 check=-1.3513 best=-1.3131@ep01
      [probe] ep03 train_loss=1.3988 train_acc=0.457 check=-1.3722 best=-1.3131@ep01
      [probe] ep04 train_loss=1.2658 train_acc=0.516 check=-1.3029 best=-1.3029@ep04
      [probe] ep05 train_loss=1.3355 train_acc=0.495 check=-1.1822 best=-1.1822@ep05
      [probe] ep06 train_loss=1.3277 train_acc=0.484 check=-1.1905 best=-1.1822@ep05
      [probe] ep07 train_loss=1.2220 train_acc=0.602 check=-1.2130 best=-1.1822@ep05
      [probe] ep08 train_loss=1.1992 train_acc=0.554 check=-1.1816 best=-1.1816@ep08
      [probe] ep09 train_loss=1.1683 train_acc=0.591 check=-1.1010 best=-1.1010@ep09
      [probe] ep10 train_loss=1.1609 train_acc=0.581 check=-1.0261 best=-1.0261@ep10
      [probe] ep11 train_loss=1.1377 train_acc=0.586 check=-1.0283 best=-1.0261@ep10
      [probe] ep12 train_loss=1.1501 train_acc=0.613 check=-1.3249 best=-1.0261@ep10
      [probe] ep13 train_loss=1.0669 train_acc=0.640 check=-1.0236 best=-1.0236@ep13
      [probe] ep14 train_loss=1.1389 train_acc=0.602 check=-1.1359 best=-1.0236@ep13
      [probe] ep15 train_loss=1.0683 train_acc=0.683 check=-1.1676 best=-1.0236@ep13
      [probe] ep16 train_loss=1.0420 train_acc=0.624 check=-1.2878 best=-1.0236@ep13
      [probe] ep17 train_loss=1.0603 train_acc=0.624 check=-1.2051 best=-1.0236@ep13
      [probe] ep18 train_loss=0.9639 train_acc=0.710 check=-1.0871 best=-1.0236@ep13
      [probe] ep19 train_loss=0.9224 train_acc=0.710 check=-1.0368 best=-1.0236@ep13
      [probe] ep20 train_loss=0.9619 train_acc=0.753 check=-1.0030 best=-1.0030@ep20
      [probe] ep21 train_loss=0.9443 train_acc=0.731 check=-1.1048 best=-1.0030@ep20
      [probe] ep22 train_loss=0.9349 train_acc=0.769 check=-1.1258 best=-1.0030@ep20
      [probe] ep23 train_loss=0.8840 train_acc=0.796 check=-1.1302 best=-1.0030@ep20
      [probe] ep24 train_loss=0.8840 train_acc=0.731 check=-0.8926 best=-0.8926@ep24
      [probe] ep25 train_loss=0.8580 train_acc=0.753 check=-0.9531 best=-0.8926@ep24
      [probe] ep26 train_loss=0.9131 train_acc=0.780 check=-1.0040 best=-0.8926@ep24
      [probe] ep27 train_loss=0.8654 train_acc=0.806 check=-1.1404 best=-0.8926@ep24
      [probe] ep28 train_loss=0.7791 train_acc=0.790 check=-0.9992 best=-0.8926@ep24
      [probe] ep29 train_loss=0.8261 train_acc=0.758 check=-1.2436 best=-0.8926@ep24
      [probe] ep30 train_loss=0.7897 train_acc=0.801 check=-1.0074 best=-0.8926@ep24
      [probe] ep31 train_loss=0.8174 train_acc=0.833 check=-1.1741 best=-0.8926@ep24
      [probe] ep32 train_loss=0.7889 train_acc=0.817 check=-1.0371 best=-0.8926@ep24
      [probe] ep33 train_loss=0.8489 train_acc=0.785 check=-0.9820 best=-0.8926@ep24
      [probe] ep34 train_loss=0.8012 train_acc=0.860 check=-1.0201 best=-0.8926@ep24
      [probe] ep35 train_loss=0.8213 train_acc=0.806 check=-1.0649 best=-0.8926@ep24
      [probe] ep36 train_loss=0.7353 train_acc=0.866 check=-1.0054 best=-0.8926@ep24
      [probe] refit epochs = 25 (check=-0.8926)
      ep00 train_loss=1.6902 train_acc=0.276 | val_loss=1.1750 val_acc=0.333
      ep01 train_loss=1.5457 train_acc=0.379 | val_loss=1.0126 val_acc=0.667
      ep02 train_loss=1.4033 train_acc=0.469 | val_loss=0.9448 val_acc=0.667
      ep03 train_loss=1.3528 train_acc=0.424 | val_loss=0.7489 val_acc=1.000
      ep04 train_loss=1.3709 train_acc=0.449 | val_loss=1.0557 val_acc=0.667
      ep05 train_loss=1.1878 train_acc=0.523 | val_loss=0.9489 val_acc=0.667
      ep06 train_loss=1.1912 train_acc=0.531 | val_loss=1.0970 val_acc=0.333
      ep07 train_loss=1.2082 train_acc=0.547 | val_loss=0.7283 val_acc=0.667
      ep08 train_loss=1.1578 train_acc=0.560 | val_loss=0.6585 val_acc=0.667
      ep09 train_loss=1.1509 train_acc=0.609 | val_loss=0.7789 val_acc=0.667
      ep10 train_loss=1.0894 train_acc=0.626 | val_loss=0.8595 val_acc=0.667
      ep11 train_loss=1.1010 train_acc=0.642 | val_loss=0.9129 val_acc=0.667
      ep12 train_loss=1.0376 train_acc=0.654 | val_loss=0.5795 val_acc=1.000
      ep13 train_loss=1.0061 train_acc=0.675 | val_loss=0.7520 val_acc=0.667
      ep14 train_loss=0.9855 train_acc=0.695 | val_loss=0.8009 val_acc=1.000
      ep15 train_loss=0.9602 train_acc=0.708 | val_loss=0.6795 val_acc=0.667
      ep16 train_loss=0.9004 train_acc=0.733 | val_loss=0.6397 val_acc=1.000
      ep17 train_loss=0.9237 train_acc=0.753 | val_loss=0.5951 val_acc=1.000
      ep18 train_loss=0.9062 train_acc=0.716 | val_loss=0.8397 val_acc=0.667
      ep19 train_loss=0.9094 train_acc=0.753 | val_loss=0.6902 val_acc=0.667
      ep20 train_loss=0.9282 train_acc=0.749 | val_loss=0.7160 val_acc=0.667
      ep21 train_loss=0.8678 train_acc=0.782 | val_loss=0.5098 val_acc=1.000
      ep22 train_loss=0.8824 train_acc=0.770 | val_loss=0.5726 val_acc=1.000
      saved re-evaluation checkpoint fold14_ep22.pt
      ep23 train_loss=0.8838 train_acc=0.761 | val_loss=0.5499 val_acc=1.000
      saved re-evaluation checkpoint fold14_ep23.pt
      ep24 train_loss=0.8224 train_acc=0.782 | val_loss=0.5532 val_acc=1.000
      saved re-evaluation checkpoint fold14_ep24.pt
fold result: UF1=0.4000 UAR=0.4000 ACC=0.6667
fold 16/26: 25 train subjects / 1 validation subjects; 242 train / 4 validation samples
      [early-stop] inner-val subjects=[8, 10, 17, 18, 21, 22] n_fit=185 n_check=57
      [probe] ep00 train_loss=1.7753 train_acc=0.232 check=-1.6470 best=-1.6470@ep00
      [probe] ep01 train_loss=1.5214 train_acc=0.400 check=-1.3813 best=-1.3813@ep01
      [probe] ep02 train_loss=1.4185 train_acc=0.459 check=-1.2819 best=-1.2819@ep02
      [probe] ep03 train_loss=1.3749 train_acc=0.476 check=-1.2394 best=-1.2394@ep03
      [probe] ep04 train_loss=1.3473 train_acc=0.514 check=-1.2339 best=-1.2339@ep04
      [probe] ep05 train_loss=1.3790 train_acc=0.486 check=-1.2177 best=-1.2177@ep05
      [probe] ep06 train_loss=1.2809 train_acc=0.470 check=-1.3770 best=-1.2177@ep05
      [probe] ep07 train_loss=1.2311 train_acc=0.524 check=-1.4816 best=-1.2177@ep05
      [probe] ep08 train_loss=1.2745 train_acc=0.503 check=-1.2435 best=-1.2177@ep05
      [probe] ep09 train_loss=1.2718 train_acc=0.519 check=-1.2696 best=-1.2177@ep05
      [probe] ep10 train_loss=1.2156 train_acc=0.573 check=-1.2621 best=-1.2177@ep05
      [probe] ep11 train_loss=1.1906 train_acc=0.589 check=-1.2626 best=-1.2177@ep05
      [probe] ep12 train_loss=1.1241 train_acc=0.562 check=-1.3330 best=-1.2177@ep05
      [probe] ep13 train_loss=1.1455 train_acc=0.557 check=-1.1948 best=-1.1948@ep13
      [probe] ep14 train_loss=1.0972 train_acc=0.600 check=-1.1762 best=-1.1762@ep14
      [probe] ep15 train_loss=1.1096 train_acc=0.616 check=-1.1107 best=-1.1107@ep15
      [probe] ep16 train_loss=1.0526 train_acc=0.622 check=-1.1328 best=-1.1107@ep15
      [probe] ep17 train_loss=0.9959 train_acc=0.686 check=-0.9320 best=-0.9320@ep17
      [probe] ep18 train_loss=1.0267 train_acc=0.665 check=-1.0215 best=-0.9320@ep17
      [probe] ep19 train_loss=1.0045 train_acc=0.714 check=-1.0046 best=-0.9320@ep17
      [probe] ep20 train_loss=0.9566 train_acc=0.676 check=-1.1981 best=-0.9320@ep17
      [probe] ep21 train_loss=0.9215 train_acc=0.757 check=-0.9893 best=-0.9320@ep17
      [probe] ep22 train_loss=0.9106 train_acc=0.784 check=-0.9928 best=-0.9320@ep17
      [probe] ep23 train_loss=0.9426 train_acc=0.741 check=-0.9969 best=-0.9320@ep17
      [probe] ep24 train_loss=0.8668 train_acc=0.768 check=-1.1134 best=-0.9320@ep17
      [probe] ep25 train_loss=0.9702 train_acc=0.746 check=-1.1015 best=-0.9320@ep17
      [probe] ep26 train_loss=0.9041 train_acc=0.697 check=-0.9758 best=-0.9320@ep17
      [probe] ep27 train_loss=0.8890 train_acc=0.762 check=-0.9925 best=-0.9320@ep17
      [probe] ep28 train_loss=0.8857 train_acc=0.778 check=-0.9925 best=-0.9320@ep17
      [probe] ep29 train_loss=0.8486 train_acc=0.773 check=-1.0903 best=-0.9320@ep17
      [probe] refit epochs = 18 (check=-0.9320)
      ep00 train_loss=1.6568 train_acc=0.343 | val_loss=1.2509 val_acc=0.750
      ep01 train_loss=1.5178 train_acc=0.364 | val_loss=1.2394 val_acc=0.750
      ep02 train_loss=1.4069 train_acc=0.413 | val_loss=1.1975 val_acc=0.500
      ep03 train_loss=1.4095 train_acc=0.397 | val_loss=1.0944 val_acc=0.750
      ep04 train_loss=1.3191 train_acc=0.483 | val_loss=1.5220 val_acc=0.500
      ep05 train_loss=1.2579 train_acc=0.521 | val_loss=1.0122 val_acc=0.750
      ep06 train_loss=1.2586 train_acc=0.579 | val_loss=0.8238 val_acc=0.750
      ep07 train_loss=1.1927 train_acc=0.554 | val_loss=0.8547 val_acc=1.000
      ep08 train_loss=1.0937 train_acc=0.595 | val_loss=1.0729 val_acc=0.750
      ep09 train_loss=1.1303 train_acc=0.599 | val_loss=0.6599 val_acc=1.000
      ep10 train_loss=1.0901 train_acc=0.616 | val_loss=0.9504 val_acc=0.750
      ep11 train_loss=1.0033 train_acc=0.645 | val_loss=1.0293 val_acc=0.750
      ep12 train_loss=1.0066 train_acc=0.653 | val_loss=1.0294 val_acc=0.500
      ep13 train_loss=0.9839 train_acc=0.694 | val_loss=0.8571 val_acc=0.750
      ep14 train_loss=0.9906 train_acc=0.719 | val_loss=1.0898 val_acc=0.500
      ep15 train_loss=0.9522 train_acc=0.731 | val_loss=1.0479 val_acc=0.500
      saved re-evaluation checkpoint fold15_ep15.pt
      ep16 train_loss=0.9735 train_acc=0.731 | val_loss=0.9257 val_acc=0.500
      saved re-evaluation checkpoint fold15_ep16.pt
      ep17 train_loss=0.9216 train_acc=0.715 | val_loss=0.9495 val_acc=0.500
      saved re-evaluation checkpoint fold15_ep17.pt
fold result: UF1=0.1333 UAR=0.1000 ACC=0.2500
fold 17/26: 25 train subjects / 1 validation subjects; 212 train / 34 validation samples
      [early-stop] inner-val subjects=[2, 5, 7, 12, 21, 22] n_fit=155 n_check=57
      [probe] ep00 train_loss=1.8946 train_acc=0.271 check=-1.7478 best=-1.7478@ep00
      [probe] ep01 train_loss=1.7459 train_acc=0.361 check=-1.3776 best=-1.3776@ep01
      [probe] ep02 train_loss=1.6260 train_acc=0.439 check=-1.3534 best=-1.3534@ep02
      [probe] ep03 train_loss=1.5916 train_acc=0.348 check=-1.3314 best=-1.3314@ep03
      [probe] ep04 train_loss=1.5206 train_acc=0.477 check=-1.3082 best=-1.3082@ep04
      [probe] ep05 train_loss=1.4559 train_acc=0.465 check=-1.2949 best=-1.2949@ep05
      [probe] ep06 train_loss=1.4478 train_acc=0.477 check=-1.2105 best=-1.2105@ep06
      [probe] ep07 train_loss=1.4687 train_acc=0.465 check=-1.1890 best=-1.1890@ep07
      [probe] ep08 train_loss=1.3505 train_acc=0.503 check=-1.3861 best=-1.1890@ep07
      [probe] ep09 train_loss=1.4045 train_acc=0.529 check=-1.2500 best=-1.1890@ep07
      [probe] ep10 train_loss=1.3726 train_acc=0.465 check=-1.1505 best=-1.1505@ep10
      [probe] ep11 train_loss=1.3238 train_acc=0.529 check=-1.1693 best=-1.1505@ep10
      [probe] ep12 train_loss=1.2104 train_acc=0.613 check=-1.2220 best=-1.1505@ep10
      [probe] ep13 train_loss=1.1978 train_acc=0.613 check=-1.1976 best=-1.1505@ep10
      [probe] ep14 train_loss=1.2454 train_acc=0.632 check=-1.2962 best=-1.1505@ep10
      [probe] ep15 train_loss=1.1598 train_acc=0.613 check=-1.2197 best=-1.1505@ep10
      [probe] ep16 train_loss=1.1051 train_acc=0.619 check=-1.2308 best=-1.1505@ep10
      [probe] ep17 train_loss=1.1847 train_acc=0.665 check=-1.1892 best=-1.1505@ep10
      [probe] ep18 train_loss=1.0585 train_acc=0.677 check=-1.2286 best=-1.1505@ep10
      [probe] ep19 train_loss=1.0768 train_acc=0.716 check=-1.2806 best=-1.1505@ep10
      [probe] ep20 train_loss=1.0359 train_acc=0.684 check=-1.2804 best=-1.1505@ep10
      [probe] ep21 train_loss=1.0452 train_acc=0.729 check=-1.1552 best=-1.1505@ep10
      [probe] ep22 train_loss=1.0315 train_acc=0.697 check=-1.2192 best=-1.1505@ep10
      [probe] refit epochs = 11 (check=-1.1505)
      ep00 train_loss=1.7107 train_acc=0.259 | val_loss=1.4710 val_acc=0.324
      ep01 train_loss=1.5388 train_acc=0.373 | val_loss=1.3106 val_acc=0.500
      ep02 train_loss=1.4033 train_acc=0.476 | val_loss=1.3434 val_acc=0.382
      ep03 train_loss=1.4065 train_acc=0.434 | val_loss=1.2884 val_acc=0.441
      ep04 train_loss=1.3458 train_acc=0.434 | val_loss=1.2979 val_acc=0.500
      ep05 train_loss=1.3760 train_acc=0.476 | val_loss=1.2113 val_acc=0.471
      ep06 train_loss=1.2963 train_acc=0.514 | val_loss=1.3214 val_acc=0.441
      ep07 train_loss=1.2110 train_acc=0.561 | val_loss=1.2390 val_acc=0.471
      ep08 train_loss=1.1568 train_acc=0.566 | val_loss=1.3972 val_acc=0.441
      saved re-evaluation checkpoint fold16_ep08.pt
      ep09 train_loss=1.1447 train_acc=0.580 | val_loss=1.2694 val_acc=0.500
      saved re-evaluation checkpoint fold16_ep09.pt
      ep10 train_loss=1.1258 train_acc=0.571 | val_loss=1.2010 val_acc=0.529
      saved re-evaluation checkpoint fold16_ep10.pt
fold result: UF1=0.3877 UAR=0.5492 ACC=0.4118
fold 18/26: 25 train subjects / 1 validation subjects; 243 train / 3 validation samples
      [early-stop] inner-val subjects=[8, 10, 16, 17, 21, 22] n_fit=185 n_check=58
      [probe] ep00 train_loss=1.7753 train_acc=0.232 check=-1.6341 best=-1.6341@ep00
      [probe] ep01 train_loss=1.5214 train_acc=0.400 check=-1.4302 best=-1.4302@ep01
      [probe] ep02 train_loss=1.4185 train_acc=0.459 check=-1.3250 best=-1.3250@ep02
      [probe] ep03 train_loss=1.3749 train_acc=0.476 check=-1.2780 best=-1.2780@ep03
      [probe] ep04 train_loss=1.3473 train_acc=0.514 check=-1.2643 best=-1.2643@ep04
      [probe] ep05 train_loss=1.3790 train_acc=0.486 check=-1.2512 best=-1.2512@ep05
      [probe] ep06 train_loss=1.2809 train_acc=0.470 check=-1.3881 best=-1.2512@ep05
      [probe] ep07 train_loss=1.2311 train_acc=0.524 check=-1.4779 best=-1.2512@ep05
      [probe] ep08 train_loss=1.2745 train_acc=0.503 check=-1.2786 best=-1.2512@ep05
      [probe] ep09 train_loss=1.2718 train_acc=0.519 check=-1.3115 best=-1.2512@ep05
      [probe] ep10 train_loss=1.2156 train_acc=0.573 check=-1.2690 best=-1.2512@ep05
      [probe] ep11 train_loss=1.1906 train_acc=0.589 check=-1.3069 best=-1.2512@ep05
      [probe] ep12 train_loss=1.1241 train_acc=0.562 check=-1.3753 best=-1.2512@ep05
      [probe] ep13 train_loss=1.1455 train_acc=0.557 check=-1.2452 best=-1.2452@ep13
      [probe] ep14 train_loss=1.0972 train_acc=0.600 check=-1.2171 best=-1.2171@ep14
      [probe] ep15 train_loss=1.1096 train_acc=0.616 check=-1.1592 best=-1.1592@ep15
      [probe] ep16 train_loss=1.0526 train_acc=0.622 check=-1.1776 best=-1.1592@ep15
      [probe] ep17 train_loss=0.9959 train_acc=0.686 check=-0.9825 best=-0.9825@ep17
      [probe] ep18 train_loss=1.0267 train_acc=0.665 check=-1.0716 best=-0.9825@ep17
      [probe] ep19 train_loss=1.0045 train_acc=0.714 check=-1.0154 best=-0.9825@ep17
      [probe] ep20 train_loss=0.9566 train_acc=0.676 check=-1.2784 best=-0.9825@ep17
      [probe] ep21 train_loss=0.9215 train_acc=0.757 check=-1.0688 best=-0.9825@ep17
      [probe] ep22 train_loss=0.9106 train_acc=0.784 check=-1.0055 best=-0.9825@ep17
      [probe] ep23 train_loss=0.9426 train_acc=0.741 check=-1.0402 best=-0.9825@ep17
      [probe] ep24 train_loss=0.8668 train_acc=0.768 check=-1.1812 best=-0.9825@ep17
      [probe] ep25 train_loss=0.9702 train_acc=0.746 check=-1.1048 best=-0.9825@ep17
      [probe] ep26 train_loss=0.9041 train_acc=0.697 check=-1.0203 best=-0.9825@ep17
      [probe] ep27 train_loss=0.8890 train_acc=0.762 check=-1.0768 best=-0.9825@ep17
      [probe] ep28 train_loss=0.8857 train_acc=0.778 check=-1.0619 best=-0.9825@ep17
      [probe] ep29 train_loss=0.8486 train_acc=0.773 check=-1.1731 best=-0.9825@ep17
      [probe] refit epochs = 18 (check=-0.9825)
      ep00 train_loss=1.6469 train_acc=0.263 | val_loss=1.0281 val_acc=0.667
      ep01 train_loss=1.5458 train_acc=0.370 | val_loss=1.0610 val_acc=0.667
      ep02 train_loss=1.4647 train_acc=0.362 | val_loss=1.2945 val_acc=0.000
      ep03 train_loss=1.3503 train_acc=0.453 | val_loss=1.2025 val_acc=0.667
      ep04 train_loss=1.4221 train_acc=0.416 | val_loss=1.6057 val_acc=0.667
      ep05 train_loss=1.2494 train_acc=0.510 | val_loss=1.1760 val_acc=0.333
      ep06 train_loss=1.1972 train_acc=0.531 | val_loss=0.9927 val_acc=0.667
      ep07 train_loss=1.2200 train_acc=0.519 | val_loss=1.1439 val_acc=0.333
      ep08 train_loss=1.1242 train_acc=0.597 | val_loss=1.2817 val_acc=0.667
      ep09 train_loss=1.1285 train_acc=0.613 | val_loss=1.4301 val_acc=0.333
      ep10 train_loss=1.0241 train_acc=0.675 | val_loss=1.3409 val_acc=0.333
      ep11 train_loss=1.0446 train_acc=0.658 | val_loss=1.3295 val_acc=0.333
      ep12 train_loss=0.9821 train_acc=0.663 | val_loss=1.3603 val_acc=0.333
      ep13 train_loss=0.9841 train_acc=0.679 | val_loss=1.4319 val_acc=0.333
      ep14 train_loss=0.9469 train_acc=0.708 | val_loss=1.4918 val_acc=0.000
      ep15 train_loss=0.9689 train_acc=0.671 | val_loss=1.4239 val_acc=0.333
      saved re-evaluation checkpoint fold17_ep15.pt
      ep16 train_loss=0.9388 train_acc=0.675 | val_loss=1.3381 val_acc=0.333
      saved re-evaluation checkpoint fold17_ep16.pt
      ep17 train_loss=0.9150 train_acc=0.724 | val_loss=1.3520 val_acc=0.333
      saved re-evaluation checkpoint fold17_ep17.pt
fold result: UF1=0.1000 UAR=0.0667 ACC=0.3333
fold 19/26: 25 train subjects / 1 validation subjects; 231 train / 15 validation samples
      [early-stop] inner-val subjects=[8, 10, 16, 17, 21, 22] n_fit=173 n_check=58
      [probe] ep00 train_loss=1.6940 train_acc=0.312 check=-1.6698 best=-1.6698@ep00
      [probe] ep01 train_loss=1.6090 train_acc=0.422 check=-1.2959 best=-1.2959@ep01
      [probe] ep02 train_loss=1.3754 train_acc=0.462 check=-1.3152 best=-1.2959@ep01
      [probe] ep03 train_loss=1.3122 train_acc=0.474 check=-1.1881 best=-1.1881@ep03
      [probe] ep04 train_loss=1.3368 train_acc=0.538 check=-1.1861 best=-1.1861@ep04
      [probe] ep05 train_loss=1.3249 train_acc=0.428 check=-1.1265 best=-1.1265@ep05
      [probe] ep06 train_loss=1.2775 train_acc=0.526 check=-1.2645 best=-1.1265@ep05
      [probe] ep07 train_loss=1.3126 train_acc=0.497 check=-1.3000 best=-1.1265@ep05
      [probe] ep08 train_loss=1.2049 train_acc=0.514 check=-1.3074 best=-1.1265@ep05
      [probe] ep09 train_loss=1.2586 train_acc=0.526 check=-1.2376 best=-1.1265@ep05
      [probe] ep10 train_loss=1.3286 train_acc=0.543 check=-1.2345 best=-1.1265@ep05
      [probe] ep11 train_loss=1.2473 train_acc=0.584 check=-1.1051 best=-1.1051@ep11
      [probe] ep12 train_loss=1.2187 train_acc=0.595 check=-1.2155 best=-1.1051@ep11
      [probe] ep13 train_loss=1.1264 train_acc=0.630 check=-1.0575 best=-1.0575@ep13
      [probe] ep14 train_loss=1.0612 train_acc=0.601 check=-0.9555 best=-0.9555@ep14
      [probe] ep15 train_loss=1.0646 train_acc=0.647 check=-0.9811 best=-0.9555@ep14
      [probe] ep16 train_loss=1.1234 train_acc=0.601 check=-1.1206 best=-0.9555@ep14
      [probe] ep17 train_loss=1.1220 train_acc=0.694 check=-1.1290 best=-0.9555@ep14
      [probe] ep18 train_loss=1.0010 train_acc=0.705 check=-1.1008 best=-0.9555@ep14
      [probe] ep19 train_loss=1.0466 train_acc=0.653 check=-1.0327 best=-0.9555@ep14
      [probe] ep20 train_loss=0.9425 train_acc=0.763 check=-1.0534 best=-0.9555@ep14
      [probe] ep21 train_loss=0.9466 train_acc=0.723 check=-1.0032 best=-0.9555@ep14
      [probe] ep22 train_loss=0.9729 train_acc=0.717 check=-1.0022 best=-0.9555@ep14
      [probe] ep23 train_loss=0.9470 train_acc=0.751 check=-1.0121 best=-0.9555@ep14
      [probe] ep24 train_loss=0.9571 train_acc=0.699 check=-1.0444 best=-0.9555@ep14
      [probe] ep25 train_loss=0.9134 train_acc=0.740 check=-0.9790 best=-0.9555@ep14
      [probe] ep26 train_loss=0.8878 train_acc=0.757 check=-1.0193 best=-0.9555@ep14
      [probe] refit epochs = 15 (check=-0.9555)
      ep00 train_loss=1.7064 train_acc=0.303 | val_loss=1.7702 val_acc=0.133
      ep01 train_loss=1.5592 train_acc=0.368 | val_loss=1.1891 val_acc=0.533
      ep02 train_loss=1.4496 train_acc=0.403 | val_loss=1.0236 val_acc=0.400
      ep03 train_loss=1.3069 train_acc=0.494 | val_loss=1.1464 val_acc=0.400
      ep04 train_loss=1.3012 train_acc=0.463 | val_loss=0.9203 val_acc=0.600
      ep05 train_loss=1.2478 train_acc=0.494 | val_loss=1.0206 val_acc=0.467
      ep06 train_loss=1.2181 train_acc=0.550 | val_loss=1.0050 val_acc=0.400
      ep07 train_loss=1.1625 train_acc=0.584 | val_loss=1.1450 val_acc=0.467
      ep08 train_loss=1.1914 train_acc=0.528 | val_loss=0.9529 val_acc=0.600
      ep09 train_loss=1.1324 train_acc=0.610 | val_loss=0.9756 val_acc=0.400
      ep10 train_loss=1.0520 train_acc=0.619 | val_loss=0.9449 val_acc=0.467
      ep11 train_loss=1.0314 train_acc=0.658 | val_loss=0.9420 val_acc=0.467
      ep12 train_loss=1.0311 train_acc=0.632 | val_loss=1.0357 val_acc=0.400
      saved re-evaluation checkpoint fold18_ep12.pt
      ep13 train_loss=1.0197 train_acc=0.680 | val_loss=1.0165 val_acc=0.400
      saved re-evaluation checkpoint fold18_ep13.pt
      ep14 train_loss=1.0266 train_acc=0.675 | val_loss=1.0402 val_acc=0.400
      saved re-evaluation checkpoint fold18_ep14.pt
fold result: UF1=0.3649 UAR=0.3433 ACC=0.4667
fold 20/26: 25 train subjects / 1 validation subjects; 235 train / 11 validation samples
      [early-stop] inner-val subjects=[8, 10, 16, 17, 21, 22] n_fit=177 n_check=58
      [probe] ep00 train_loss=1.7194 train_acc=0.271 check=-1.6475 best=-1.6475@ep00
      [probe] ep01 train_loss=1.5678 train_acc=0.316 check=-1.4714 best=-1.4714@ep01
      [probe] ep02 train_loss=1.4208 train_acc=0.401 check=-1.3309 best=-1.3309@ep02
      [probe] ep03 train_loss=1.4411 train_acc=0.463 check=-1.2772 best=-1.2772@ep03
      [probe] ep04 train_loss=1.4840 train_acc=0.446 check=-1.3934 best=-1.2772@ep03
      [probe] ep05 train_loss=1.3062 train_acc=0.508 check=-1.2886 best=-1.2772@ep03
      [probe] ep06 train_loss=1.2911 train_acc=0.497 check=-1.5997 best=-1.2772@ep03
      [probe] ep07 train_loss=1.3231 train_acc=0.531 check=-1.5149 best=-1.2772@ep03
      [probe] ep08 train_loss=1.2168 train_acc=0.571 check=-1.5744 best=-1.2772@ep03
      [probe] ep09 train_loss=1.1722 train_acc=0.554 check=-1.4737 best=-1.2772@ep03
      [probe] ep10 train_loss=1.1550 train_acc=0.599 check=-1.2226 best=-1.2226@ep10
      [probe] ep11 train_loss=1.1525 train_acc=0.605 check=-1.2873 best=-1.2226@ep10
      [probe] ep12 train_loss=1.1182 train_acc=0.701 check=-1.2036 best=-1.2036@ep12
      [probe] ep13 train_loss=1.0880 train_acc=0.655 check=-1.1652 best=-1.1652@ep13
      [probe] ep14 train_loss=1.1355 train_acc=0.593 check=-1.3398 best=-1.1652@ep13
      [probe] ep15 train_loss=1.0789 train_acc=0.650 check=-1.1874 best=-1.1652@ep13
      [probe] ep16 train_loss=1.0507 train_acc=0.689 check=-1.0053 best=-1.0053@ep16
      [probe] ep17 train_loss=1.0579 train_acc=0.644 check=-1.1006 best=-1.0053@ep16
      [probe] ep18 train_loss=1.0518 train_acc=0.706 check=-1.1546 best=-1.0053@ep16
      [probe] ep19 train_loss=0.9535 train_acc=0.718 check=-1.0461 best=-1.0053@ep16
      [probe] ep20 train_loss=0.8979 train_acc=0.740 check=-1.0857 best=-1.0053@ep16
      [probe] ep21 train_loss=0.9052 train_acc=0.740 check=-1.2566 best=-1.0053@ep16
      [probe] ep22 train_loss=0.9102 train_acc=0.723 check=-1.1788 best=-1.0053@ep16
      [probe] ep23 train_loss=0.9131 train_acc=0.729 check=-1.0519 best=-1.0053@ep16
      [probe] ep24 train_loss=0.8774 train_acc=0.791 check=-0.9830 best=-0.9830@ep24
      [probe] ep25 train_loss=0.8691 train_acc=0.768 check=-1.0212 best=-0.9830@ep24
      [probe] ep26 train_loss=0.8342 train_acc=0.847 check=-0.9852 best=-0.9830@ep24
      [probe] ep27 train_loss=0.9198 train_acc=0.757 check=-1.1904 best=-0.9830@ep24
      [probe] ep28 train_loss=0.8166 train_acc=0.870 check=-1.2686 best=-0.9830@ep24
      [probe] ep29 train_loss=0.8535 train_acc=0.791 check=-1.1713 best=-0.9830@ep24
      [probe] ep30 train_loss=0.8794 train_acc=0.802 check=-1.1868 best=-0.9830@ep24
      [probe] ep31 train_loss=0.8132 train_acc=0.819 check=-1.1528 best=-0.9830@ep24
      [probe] ep32 train_loss=0.8140 train_acc=0.808 check=-1.1434 best=-0.9830@ep24
      [probe] ep33 train_loss=0.8313 train_acc=0.831 check=-1.2833 best=-0.9830@ep24
      [probe] ep34 train_loss=0.8179 train_acc=0.831 check=-1.1445 best=-0.9830@ep24
      [probe] ep35 train_loss=0.7703 train_acc=0.853 check=-1.4158 best=-0.9830@ep24
      [probe] ep36 train_loss=0.8239 train_acc=0.819 check=-0.9862 best=-0.9830@ep24
      [probe] refit epochs = 25 (check=-0.9830)
      ep00 train_loss=1.6760 train_acc=0.255 | val_loss=1.5664 val_acc=0.364
      ep01 train_loss=1.4626 train_acc=0.409 | val_loss=1.4707 val_acc=0.182
      ep02 train_loss=1.3792 train_acc=0.460 | val_loss=1.5517 val_acc=0.182
      ep03 train_loss=1.3699 train_acc=0.468 | val_loss=2.0105 val_acc=0.000
      ep04 train_loss=1.2864 train_acc=0.506 | val_loss=1.6556 val_acc=0.091
      ep05 train_loss=1.1938 train_acc=0.587 | val_loss=1.4931 val_acc=0.182
      ep06 train_loss=1.1975 train_acc=0.523 | val_loss=1.3037 val_acc=0.455
      ep07 train_loss=1.1511 train_acc=0.583 | val_loss=1.6003 val_acc=0.364
      ep08 train_loss=1.0870 train_acc=0.634 | val_loss=1.4039 val_acc=0.182
      ep09 train_loss=1.0499 train_acc=0.660 | val_loss=1.4397 val_acc=0.182
      ep10 train_loss=1.0467 train_acc=0.647 | val_loss=1.6313 val_acc=0.182
      ep11 train_loss=1.0422 train_acc=0.630 | val_loss=1.3868 val_acc=0.273
      ep12 train_loss=1.0195 train_acc=0.698 | val_loss=1.1835 val_acc=0.364
      ep13 train_loss=0.9600 train_acc=0.694 | val_loss=1.5339 val_acc=0.273
      ep14 train_loss=0.9578 train_acc=0.711 | val_loss=1.4807 val_acc=0.091
      ep15 train_loss=0.8822 train_acc=0.723 | val_loss=1.3352 val_acc=0.364
      ep16 train_loss=0.9242 train_acc=0.723 | val_loss=1.6469 val_acc=0.182
      ep17 train_loss=0.9174 train_acc=0.723 | val_loss=1.2400 val_acc=0.455
      ep18 train_loss=0.8747 train_acc=0.736 | val_loss=1.4078 val_acc=0.273
      ep19 train_loss=0.8251 train_acc=0.766 | val_loss=1.4528 val_acc=0.273
      ep20 train_loss=0.8305 train_acc=0.757 | val_loss=1.3073 val_acc=0.455
      ep21 train_loss=0.8607 train_acc=0.766 | val_loss=1.2303 val_acc=0.545
      ep22 train_loss=0.8293 train_acc=0.809 | val_loss=1.2704 val_acc=0.545
      saved re-evaluation checkpoint fold19_ep22.pt
      ep23 train_loss=0.7949 train_acc=0.791 | val_loss=1.2870 val_acc=0.545
      saved re-evaluation checkpoint fold19_ep23.pt
      ep24 train_loss=0.7795 train_acc=0.791 | val_loss=1.3071 val_acc=0.455
      saved re-evaluation checkpoint fold19_ep24.pt
fold result: UF1=0.2333 UAR=0.2111 ACC=0.5455
fold 21/26: 25 train subjects / 1 validation subjects; 244 train / 2 validation samples
      [early-stop] inner-val subjects=[8, 10, 16, 17, 20, 22] n_fit=177 n_check=67
      [probe] ep00 train_loss=1.7194 train_acc=0.271 check=-1.6038 best=-1.6038@ep00
      [probe] ep01 train_loss=1.5678 train_acc=0.316 check=-1.4655 best=-1.4655@ep01
      [probe] ep02 train_loss=1.4208 train_acc=0.401 check=-1.3612 best=-1.3612@ep02
      [probe] ep03 train_loss=1.4411 train_acc=0.463 check=-1.3013 best=-1.3013@ep03
      [probe] ep04 train_loss=1.4840 train_acc=0.446 check=-1.4126 best=-1.3013@ep03
      [probe] ep05 train_loss=1.3062 train_acc=0.508 check=-1.3029 best=-1.3013@ep03
      [probe] ep06 train_loss=1.2911 train_acc=0.497 check=-1.5932 best=-1.3013@ep03
      [probe] ep07 train_loss=1.3231 train_acc=0.531 check=-1.5382 best=-1.3013@ep03
      [probe] ep08 train_loss=1.2168 train_acc=0.571 check=-1.5126 best=-1.3013@ep03
      [probe] ep09 train_loss=1.1722 train_acc=0.554 check=-1.4662 best=-1.3013@ep03
      [probe] ep10 train_loss=1.1550 train_acc=0.599 check=-1.2145 best=-1.2145@ep10
      [probe] ep11 train_loss=1.1525 train_acc=0.605 check=-1.2768 best=-1.2145@ep10
      [probe] ep12 train_loss=1.1182 train_acc=0.701 check=-1.1971 best=-1.1971@ep12
      [probe] ep13 train_loss=1.0880 train_acc=0.655 check=-1.1529 best=-1.1529@ep13
      [probe] ep14 train_loss=1.1355 train_acc=0.593 check=-1.3498 best=-1.1529@ep13
      [probe] ep15 train_loss=1.0789 train_acc=0.650 check=-1.2052 best=-1.1529@ep13
      [probe] ep16 train_loss=1.0507 train_acc=0.689 check=-1.0765 best=-1.0765@ep16
      [probe] ep17 train_loss=1.0579 train_acc=0.644 check=-1.1075 best=-1.0765@ep16
      [probe] ep18 train_loss=1.0518 train_acc=0.706 check=-1.1696 best=-1.0765@ep16
      [probe] ep19 train_loss=0.9535 train_acc=0.718 check=-1.0856 best=-1.0765@ep16
      [probe] ep20 train_loss=0.8979 train_acc=0.740 check=-1.0744 best=-1.0744@ep20
      [probe] ep21 train_loss=0.9052 train_acc=0.740 check=-1.2083 best=-1.0744@ep20
      [probe] ep22 train_loss=0.9102 train_acc=0.723 check=-1.2234 best=-1.0744@ep20
      [probe] ep23 train_loss=0.9131 train_acc=0.729 check=-1.0777 best=-1.0744@ep20
      [probe] ep24 train_loss=0.8774 train_acc=0.791 check=-1.0183 best=-1.0183@ep24
      [probe] ep25 train_loss=0.8691 train_acc=0.768 check=-1.0568 best=-1.0183@ep24
      [probe] ep26 train_loss=0.8342 train_acc=0.847 check=-1.0195 best=-1.0183@ep24
      [probe] ep27 train_loss=0.9198 train_acc=0.757 check=-1.1823 best=-1.0183@ep24
      [probe] ep28 train_loss=0.8166 train_acc=0.870 check=-1.3079 best=-1.0183@ep24
      [probe] ep29 train_loss=0.8535 train_acc=0.791 check=-1.2000 best=-1.0183@ep24
      [probe] ep30 train_loss=0.8794 train_acc=0.802 check=-1.1596 best=-1.0183@ep24
      [probe] ep31 train_loss=0.8132 train_acc=0.819 check=-1.1630 best=-1.0183@ep24
      [probe] ep32 train_loss=0.8140 train_acc=0.808 check=-1.1597 best=-1.0183@ep24
      [probe] ep33 train_loss=0.8313 train_acc=0.831 check=-1.2540 best=-1.0183@ep24
      [probe] ep34 train_loss=0.8179 train_acc=0.831 check=-1.1285 best=-1.0183@ep24
      [probe] ep35 train_loss=0.7703 train_acc=0.853 check=-1.4012 best=-1.0183@ep24
      [probe] ep36 train_loss=0.8239 train_acc=0.819 check=-0.9978 best=-0.9978@ep36
      [probe] ep37 train_loss=0.7761 train_acc=0.847 check=-1.1436 best=-0.9978@ep36
      [probe] ep38 train_loss=0.7498 train_acc=0.859 check=-1.2198 best=-0.9978@ep36
      [probe] ep39 train_loss=0.7008 train_acc=0.876 check=-1.1762 best=-0.9978@ep36
      [probe] ep40 train_loss=0.7480 train_acc=0.876 check=-1.2240 best=-0.9978@ep36
      [probe] ep41 train_loss=0.7268 train_acc=0.881 check=-1.1849 best=-0.9978@ep36
      [probe] ep42 train_loss=0.7381 train_acc=0.893 check=-1.1387 best=-0.9978@ep36
      [probe] ep43 train_loss=0.7268 train_acc=0.887 check=-1.2258 best=-0.9978@ep36
      [probe] ep44 train_loss=0.6978 train_acc=0.887 check=-1.2249 best=-0.9978@ep36
      [probe] ep45 train_loss=0.7048 train_acc=0.904 check=-1.1119 best=-0.9978@ep36
      [probe] ep46 train_loss=0.6564 train_acc=0.910 check=-1.1159 best=-0.9978@ep36
      [probe] ep47 train_loss=0.6779 train_acc=0.915 check=-1.1114 best=-0.9978@ep36
      [probe] ep48 train_loss=0.6660 train_acc=0.932 check=-1.1626 best=-0.9978@ep36
      [probe] refit epochs = 37 (check=-0.9978)
      ep00 train_loss=1.7275 train_acc=0.254 | val_loss=1.8859 val_acc=0.500
      ep01 train_loss=1.4985 train_acc=0.422 | val_loss=1.6242 val_acc=0.000
      ep02 train_loss=1.3926 train_acc=0.422 | val_loss=1.3453 val_acc=0.500
      ep03 train_loss=1.3619 train_acc=0.500 | val_loss=1.1339 val_acc=0.500
      ep04 train_loss=1.3244 train_acc=0.459 | val_loss=1.9736 val_acc=0.000
      ep05 train_loss=1.2651 train_acc=0.520 | val_loss=1.6405 val_acc=0.000
      ep06 train_loss=1.2249 train_acc=0.520 | val_loss=1.5962 val_acc=0.500
      ep07 train_loss=1.1822 train_acc=0.582 | val_loss=1.8783 val_acc=0.000
      ep08 train_loss=1.1786 train_acc=0.549 | val_loss=1.6768 val_acc=0.500
      ep09 train_loss=1.1466 train_acc=0.578 | val_loss=1.8252 val_acc=0.000
      ep10 train_loss=1.0753 train_acc=0.570 | val_loss=1.8458 val_acc=0.500
      ep11 train_loss=1.0548 train_acc=0.652 | val_loss=1.7297 val_acc=0.000
      ep12 train_loss=1.0381 train_acc=0.598 | val_loss=1.9274 val_acc=0.000
      ep13 train_loss=1.0825 train_acc=0.639 | val_loss=2.1473 val_acc=0.000
      ep14 train_loss=0.9885 train_acc=0.656 | val_loss=2.2388 val_acc=0.000
      ep15 train_loss=0.9678 train_acc=0.689 | val_loss=2.0309 val_acc=0.000
      ep16 train_loss=0.9219 train_acc=0.742 | val_loss=2.4800 val_acc=0.000
      ep17 train_loss=0.9758 train_acc=0.684 | val_loss=2.5128 val_acc=0.000
      ep18 train_loss=0.9646 train_acc=0.684 | val_loss=2.3814 val_acc=0.000
      ep19 train_loss=0.9403 train_acc=0.717 | val_loss=2.3046 val_acc=0.000
      ep20 train_loss=0.9084 train_acc=0.750 | val_loss=2.3492 val_acc=0.000
      ep21 train_loss=0.8584 train_acc=0.762 | val_loss=2.4302 val_acc=0.000
      ep22 train_loss=0.8220 train_acc=0.787 | val_loss=2.5141 val_acc=0.000
      ep23 train_loss=0.8490 train_acc=0.766 | val_loss=2.4347 val_acc=0.000
      ep24 train_loss=0.8216 train_acc=0.762 | val_loss=2.5759 val_acc=0.000
      ep25 train_loss=0.7982 train_acc=0.803 | val_loss=2.3275 val_acc=0.000
      ep26 train_loss=0.7910 train_acc=0.828 | val_loss=2.4779 val_acc=0.000
      ep27 train_loss=0.7664 train_acc=0.848 | val_loss=2.6748 val_acc=0.000
      ep28 train_loss=0.7822 train_acc=0.840 | val_loss=2.4242 val_acc=0.500
      ep29 train_loss=0.7440 train_acc=0.840 | val_loss=2.4734 val_acc=0.000
      ep30 train_loss=0.7726 train_acc=0.799 | val_loss=2.5903 val_acc=0.000
      ep31 train_loss=0.7417 train_acc=0.832 | val_loss=2.4108 val_acc=0.000
      ep32 train_loss=0.7382 train_acc=0.861 | val_loss=2.3198 val_acc=0.500
      ep33 train_loss=0.7461 train_acc=0.844 | val_loss=2.4814 val_acc=0.500
      ep34 train_loss=0.7538 train_acc=0.840 | val_loss=2.2534 val_acc=0.500
      saved re-evaluation checkpoint fold20_ep34.pt
      ep35 train_loss=0.7219 train_acc=0.877 | val_loss=2.3941 val_acc=0.000
      saved re-evaluation checkpoint fold20_ep35.pt
      ep36 train_loss=0.7144 train_acc=0.898 | val_loss=2.4496 val_acc=0.000
      saved re-evaluation checkpoint fold20_ep36.pt
fold result: UF1=0.0000 UAR=0.0000 ACC=0.0000
fold 22/26: 25 train subjects / 1 validation subjects; 244 train / 2 validation samples
      [early-stop] inner-val subjects=[8, 10, 16, 17, 20, 21] n_fit=177 n_check=67
      [probe] ep00 train_loss=1.7194 train_acc=0.271 check=-1.5897 best=-1.5897@ep00
      [probe] ep01 train_loss=1.5678 train_acc=0.316 check=-1.4928 best=-1.4928@ep01
      [probe] ep02 train_loss=1.4208 train_acc=0.401 check=-1.3910 best=-1.3910@ep02
      [probe] ep03 train_loss=1.4411 train_acc=0.463 check=-1.3327 best=-1.3327@ep03
      [probe] ep04 train_loss=1.4840 train_acc=0.446 check=-1.4532 best=-1.3327@ep03
      [probe] ep05 train_loss=1.3062 train_acc=0.508 check=-1.3273 best=-1.3273@ep05
      [probe] ep06 train_loss=1.2911 train_acc=0.497 check=-1.6235 best=-1.3273@ep05
      [probe] ep07 train_loss=1.3231 train_acc=0.531 check=-1.5805 best=-1.3273@ep05
      [probe] ep08 train_loss=1.2168 train_acc=0.571 check=-1.5546 best=-1.3273@ep05
      [probe] ep09 train_loss=1.1722 train_acc=0.554 check=-1.5009 best=-1.3273@ep05
      [probe] ep10 train_loss=1.1550 train_acc=0.599 check=-1.2479 best=-1.2479@ep10
      [probe] ep11 train_loss=1.1525 train_acc=0.605 check=-1.3244 best=-1.2479@ep10
      [probe] ep12 train_loss=1.1182 train_acc=0.701 check=-1.2564 best=-1.2479@ep10
      [probe] ep13 train_loss=1.0880 train_acc=0.655 check=-1.2056 best=-1.2056@ep13
      [probe] ep14 train_loss=1.1355 train_acc=0.593 check=-1.3937 best=-1.2056@ep13
      [probe] ep15 train_loss=1.0789 train_acc=0.650 check=-1.2597 best=-1.2056@ep13
      [probe] ep16 train_loss=1.0507 train_acc=0.689 check=-1.1317 best=-1.1317@ep16
      [probe] ep17 train_loss=1.0579 train_acc=0.644 check=-1.1688 best=-1.1317@ep16
      [probe] ep18 train_loss=1.0518 train_acc=0.706 check=-1.2241 best=-1.1317@ep16
      [probe] ep19 train_loss=0.9535 train_acc=0.718 check=-1.1549 best=-1.1317@ep16
      [probe] ep20 train_loss=0.8979 train_acc=0.740 check=-1.1377 best=-1.1317@ep16
      [probe] ep21 train_loss=0.9052 train_acc=0.740 check=-1.2741 best=-1.1317@ep16
      [probe] ep22 train_loss=0.9102 train_acc=0.723 check=-1.2859 best=-1.1317@ep16
      [probe] ep23 train_loss=0.9131 train_acc=0.729 check=-1.1324 best=-1.1317@ep16
      [probe] ep24 train_loss=0.8774 train_acc=0.791 check=-1.0756 best=-1.0756@ep24
      [probe] ep25 train_loss=0.8691 train_acc=0.768 check=-1.1211 best=-1.0756@ep24
      [probe] ep26 train_loss=0.8342 train_acc=0.847 check=-1.0833 best=-1.0756@ep24
      [probe] ep27 train_loss=0.9198 train_acc=0.757 check=-1.2491 best=-1.0756@ep24
      [probe] ep28 train_loss=0.8166 train_acc=0.870 check=-1.3778 best=-1.0756@ep24
      [probe] ep29 train_loss=0.8535 train_acc=0.791 check=-1.2733 best=-1.0756@ep24
      [probe] ep30 train_loss=0.8794 train_acc=0.802 check=-1.2314 best=-1.0756@ep24
      [probe] ep31 train_loss=0.8132 train_acc=0.819 check=-1.2299 best=-1.0756@ep24
      [probe] ep32 train_loss=0.8140 train_acc=0.808 check=-1.2255 best=-1.0756@ep24
      [probe] ep33 train_loss=0.8313 train_acc=0.831 check=-1.3268 best=-1.0756@ep24
      [probe] ep34 train_loss=0.8179 train_acc=0.831 check=-1.1969 best=-1.0756@ep24
      [probe] ep35 train_loss=0.7703 train_acc=0.853 check=-1.4770 best=-1.0756@ep24
      [probe] ep36 train_loss=0.8239 train_acc=0.819 check=-1.0669 best=-1.0669@ep36
      [probe] ep37 train_loss=0.7761 train_acc=0.847 check=-1.2201 best=-1.0669@ep36
      [probe] ep38 train_loss=0.7498 train_acc=0.859 check=-1.2866 best=-1.0669@ep36
      [probe] ep39 train_loss=0.7008 train_acc=0.876 check=-1.2526 best=-1.0669@ep36
      [probe] ep40 train_loss=0.7480 train_acc=0.876 check=-1.3055 best=-1.0669@ep36
      [probe] ep41 train_loss=0.7268 train_acc=0.881 check=-1.2615 best=-1.0669@ep36
      [probe] ep42 train_loss=0.7381 train_acc=0.893 check=-1.2231 best=-1.0669@ep36
      [probe] ep43 train_loss=0.7268 train_acc=0.887 check=-1.3056 best=-1.0669@ep36
      [probe] ep44 train_loss=0.6978 train_acc=0.887 check=-1.3053 best=-1.0669@ep36
      [probe] ep45 train_loss=0.7048 train_acc=0.904 check=-1.1879 best=-1.0669@ep36
      [probe] ep46 train_loss=0.6564 train_acc=0.910 check=-1.1926 best=-1.0669@ep36
      [probe] ep47 train_loss=0.6779 train_acc=0.915 check=-1.1857 best=-1.0669@ep36
      [probe] ep48 train_loss=0.6660 train_acc=0.932 check=-1.2380 best=-1.0669@ep36
      [probe] refit epochs = 37 (check=-1.0669)
      ep00 train_loss=1.7277 train_acc=0.250 | val_loss=1.6899 val_acc=0.000
      ep01 train_loss=1.5343 train_acc=0.398 | val_loss=0.7619 val_acc=1.000
      ep02 train_loss=1.4263 train_acc=0.434 | val_loss=0.7188 val_acc=1.000
      ep03 train_loss=1.3795 train_acc=0.484 | val_loss=0.4577 val_acc=1.000
      ep04 train_loss=1.3598 train_acc=0.439 | val_loss=0.3145 val_acc=1.000
      ep05 train_loss=1.2978 train_acc=0.504 | val_loss=0.2357 val_acc=1.000
      ep06 train_loss=1.2556 train_acc=0.484 | val_loss=0.1391 val_acc=1.000
      ep07 train_loss=1.2151 train_acc=0.574 | val_loss=0.1295 val_acc=1.000
      ep08 train_loss=1.1851 train_acc=0.537 | val_loss=0.1268 val_acc=1.000
      ep09 train_loss=1.1884 train_acc=0.570 | val_loss=0.1181 val_acc=1.000
      ep10 train_loss=1.1034 train_acc=0.586 | val_loss=0.0842 val_acc=1.000
      ep11 train_loss=1.0923 train_acc=0.639 | val_loss=0.0486 val_acc=1.000
      ep12 train_loss=1.0581 train_acc=0.590 | val_loss=0.1132 val_acc=1.000
      ep13 train_loss=1.1037 train_acc=0.639 | val_loss=0.0619 val_acc=1.000
      ep14 train_loss=1.0417 train_acc=0.623 | val_loss=0.1708 val_acc=1.000
      ep15 train_loss=0.9831 train_acc=0.672 | val_loss=0.1507 val_acc=1.000
      ep16 train_loss=0.9715 train_acc=0.680 | val_loss=0.1159 val_acc=1.000
      ep17 train_loss=1.0044 train_acc=0.668 | val_loss=0.2088 val_acc=1.000
      ep18 train_loss=1.0106 train_acc=0.693 | val_loss=0.1298 val_acc=1.000
      ep19 train_loss=0.9644 train_acc=0.713 | val_loss=0.0544 val_acc=1.000
      ep20 train_loss=0.9460 train_acc=0.746 | val_loss=0.0382 val_acc=1.000
      ep21 train_loss=0.8991 train_acc=0.754 | val_loss=0.0559 val_acc=1.000
      ep22 train_loss=0.8415 train_acc=0.762 | val_loss=0.0525 val_acc=1.000
      ep23 train_loss=0.8637 train_acc=0.762 | val_loss=0.0286 val_acc=1.000
      ep24 train_loss=0.8458 train_acc=0.746 | val_loss=0.0534 val_acc=1.000
      ep25 train_loss=0.8228 train_acc=0.799 | val_loss=0.0928 val_acc=1.000
      ep26 train_loss=0.8151 train_acc=0.828 | val_loss=0.0421 val_acc=1.000
      ep27 train_loss=0.7942 train_acc=0.820 | val_loss=0.0597 val_acc=1.000
      ep28 train_loss=0.7746 train_acc=0.820 | val_loss=0.0411 val_acc=1.000
      ep29 train_loss=0.7709 train_acc=0.828 | val_loss=0.0431 val_acc=1.000
      ep30 train_loss=0.8033 train_acc=0.803 | val_loss=0.0442 val_acc=1.000
      ep31 train_loss=0.7618 train_acc=0.848 | val_loss=0.0518 val_acc=1.000
      ep32 train_loss=0.7682 train_acc=0.840 | val_loss=0.0424 val_acc=1.000
      ep33 train_loss=0.7751 train_acc=0.844 | val_loss=0.0544 val_acc=1.000
      ep34 train_loss=0.7803 train_acc=0.824 | val_loss=0.0555 val_acc=1.000
      saved re-evaluation checkpoint fold21_ep34.pt
      ep35 train_loss=0.7549 train_acc=0.844 | val_loss=0.0370 val_acc=1.000
      saved re-evaluation checkpoint fold21_ep35.pt
      ep36 train_loss=0.7329 train_acc=0.865 | val_loss=0.0437 val_acc=1.000
      saved re-evaluation checkpoint fold21_ep36.pt
fold result: UF1=0.2000 UAR=0.2000 ACC=1.0000
fold 23/26: 25 train subjects / 1 validation subjects; 234 train / 12 validation samples
      [early-stop] inner-val subjects=[8, 10, 16, 17, 20, 21] n_fit=167 n_check=67
      [probe] ep00 train_loss=1.6916 train_acc=0.275 check=-1.5713 best=-1.5713@ep00
      [probe] ep01 train_loss=1.5415 train_acc=0.341 check=-1.3383 best=-1.3383@ep01
      [probe] ep02 train_loss=1.4587 train_acc=0.413 check=-1.3462 best=-1.3383@ep01
      [probe] ep03 train_loss=1.3556 train_acc=0.419 check=-1.3813 best=-1.3383@ep01
      [probe] ep04 train_loss=1.2717 train_acc=0.515 check=-1.2912 best=-1.2912@ep04
      [probe] ep05 train_loss=1.1820 train_acc=0.593 check=-1.2768 best=-1.2768@ep05
      [probe] ep06 train_loss=1.2830 train_acc=0.491 check=-1.3708 best=-1.2768@ep05
      [probe] ep07 train_loss=1.1758 train_acc=0.533 check=-1.3742 best=-1.2768@ep05
      [probe] ep08 train_loss=1.1479 train_acc=0.575 check=-1.2600 best=-1.2600@ep08
      [probe] ep09 train_loss=1.1433 train_acc=0.617 check=-1.1499 best=-1.1499@ep09
      [probe] ep10 train_loss=1.1880 train_acc=0.527 check=-1.3897 best=-1.1499@ep09
      [probe] ep11 train_loss=1.1015 train_acc=0.635 check=-1.3199 best=-1.1499@ep09
      [probe] ep12 train_loss=1.0789 train_acc=0.647 check=-1.0916 best=-1.0916@ep12
      [probe] ep13 train_loss=1.1121 train_acc=0.635 check=-1.2596 best=-1.0916@ep12
      [probe] ep14 train_loss=1.0135 train_acc=0.713 check=-1.2377 best=-1.0916@ep12
      [probe] ep15 train_loss=1.0042 train_acc=0.683 check=-1.2595 best=-1.0916@ep12
      [probe] ep16 train_loss=1.0174 train_acc=0.617 check=-1.2624 best=-1.0916@ep12
      [probe] ep17 train_loss=0.9774 train_acc=0.719 check=-1.2004 best=-1.0916@ep12
      [probe] ep18 train_loss=0.9723 train_acc=0.695 check=-1.2736 best=-1.0916@ep12
      [probe] ep19 train_loss=0.9737 train_acc=0.719 check=-1.2176 best=-1.0916@ep12
      [probe] ep20 train_loss=0.9420 train_acc=0.677 check=-1.2475 best=-1.0916@ep12
      [probe] ep21 train_loss=0.9463 train_acc=0.677 check=-1.3725 best=-1.0916@ep12
      [probe] ep22 train_loss=0.8851 train_acc=0.737 check=-1.2317 best=-1.0916@ep12
      [probe] ep23 train_loss=0.9456 train_acc=0.725 check=-1.2393 best=-1.0916@ep12
      [probe] ep24 train_loss=0.9085 train_acc=0.743 check=-1.3858 best=-1.0916@ep12
      [probe] refit epochs = 13 (check=-1.0916)
      ep00 train_loss=1.6649 train_acc=0.325 | val_loss=1.7173 val_acc=0.083
      ep01 train_loss=1.4765 train_acc=0.380 | val_loss=1.0592 val_acc=0.583
      ep02 train_loss=1.4090 train_acc=0.470 | val_loss=1.0002 val_acc=0.583
      ep03 train_loss=1.3263 train_acc=0.479 | val_loss=0.9057 val_acc=0.667
      ep04 train_loss=1.2369 train_acc=0.483 | val_loss=0.8867 val_acc=0.667
      ep05 train_loss=1.1617 train_acc=0.603 | val_loss=0.8596 val_acc=0.750
      ep06 train_loss=1.1899 train_acc=0.534 | val_loss=0.8121 val_acc=0.750
      ep07 train_loss=1.1249 train_acc=0.637 | val_loss=0.6344 val_acc=0.917
      ep08 train_loss=1.0700 train_acc=0.590 | val_loss=0.6948 val_acc=0.833
      ep09 train_loss=1.0844 train_acc=0.590 | val_loss=0.7272 val_acc=0.750
      ep10 train_loss=1.0676 train_acc=0.598 | val_loss=0.6430 val_acc=0.833
      saved re-evaluation checkpoint fold22_ep10.pt
      ep11 train_loss=1.0367 train_acc=0.671 | val_loss=0.6949 val_acc=0.833
      saved re-evaluation checkpoint fold22_ep11.pt
      ep12 train_loss=1.0097 train_acc=0.654 | val_loss=0.6460 val_acc=0.833
      saved re-evaluation checkpoint fold22_ep12.pt
fold result: UF1=0.4825 UAR=0.5000 ACC=0.7500
fold 24/26: 25 train subjects / 1 validation subjects; 239 train / 7 validation samples
      [early-stop] inner-val subjects=[8, 10, 16, 17, 20, 21] n_fit=172 n_check=67
      [probe] ep00 train_loss=1.6318 train_acc=0.291 check=-1.4960 best=-1.4960@ep00
      [probe] ep01 train_loss=1.4819 train_acc=0.337 check=-1.4252 best=-1.4252@ep01
      [probe] ep02 train_loss=1.4197 train_acc=0.465 check=-1.3885 best=-1.3885@ep02
      [probe] ep03 train_loss=1.3458 train_acc=0.442 check=-1.4174 best=-1.3885@ep02
      [probe] ep04 train_loss=1.2789 train_acc=0.517 check=-1.3578 best=-1.3578@ep04
      [probe] ep05 train_loss=1.3235 train_acc=0.442 check=-1.3787 best=-1.3578@ep04
      [probe] ep06 train_loss=1.1792 train_acc=0.593 check=-1.3794 best=-1.3578@ep04
      [probe] ep07 train_loss=1.1450 train_acc=0.587 check=-1.2547 best=-1.2547@ep07
      [probe] ep08 train_loss=1.1752 train_acc=0.558 check=-1.2989 best=-1.2547@ep07
      [probe] ep09 train_loss=1.0318 train_acc=0.698 check=-1.4974 best=-1.2547@ep07
      [probe] ep10 train_loss=1.1289 train_acc=0.610 check=-1.4670 best=-1.2547@ep07
      [probe] ep11 train_loss=1.0952 train_acc=0.628 check=-1.3507 best=-1.2547@ep07
      [probe] ep12 train_loss=1.0551 train_acc=0.692 check=-1.1439 best=-1.1439@ep12
      [probe] ep13 train_loss=1.0084 train_acc=0.669 check=-1.1600 best=-1.1439@ep12
      [probe] ep14 train_loss=0.9935 train_acc=0.651 check=-1.1343 best=-1.1343@ep14
      [probe] ep15 train_loss=0.9885 train_acc=0.674 check=-1.3504 best=-1.1343@ep14
      [probe] ep16 train_loss=0.9891 train_acc=0.698 check=-1.1846 best=-1.1343@ep14
      [probe] ep17 train_loss=0.9707 train_acc=0.703 check=-1.3228 best=-1.1343@ep14
      [probe] ep18 train_loss=0.8551 train_acc=0.785 check=-1.2985 best=-1.1343@ep14
      [probe] ep19 train_loss=0.9113 train_acc=0.744 check=-1.1944 best=-1.1343@ep14
      [probe] ep20 train_loss=0.9073 train_acc=0.762 check=-1.1730 best=-1.1343@ep14
      [probe] ep21 train_loss=0.8522 train_acc=0.767 check=-1.3780 best=-1.1343@ep14
      [probe] ep22 train_loss=0.8869 train_acc=0.779 check=-1.2778 best=-1.1343@ep14
      [probe] ep23 train_loss=0.8521 train_acc=0.814 check=-1.3744 best=-1.1343@ep14
      [probe] ep24 train_loss=0.8515 train_acc=0.762 check=-1.2174 best=-1.1343@ep14
      [probe] ep25 train_loss=0.7474 train_acc=0.837 check=-1.2752 best=-1.1343@ep14
      [probe] ep26 train_loss=0.7776 train_acc=0.797 check=-1.2923 best=-1.1343@ep14
      [probe] refit epochs = 15 (check=-1.1343)
      ep00 train_loss=1.6767 train_acc=0.285 | val_loss=1.7101 val_acc=0.286
      ep01 train_loss=1.5559 train_acc=0.331 | val_loss=1.7693 val_acc=0.286
      ep02 train_loss=1.4628 train_acc=0.364 | val_loss=1.5482 val_acc=0.143
      ep03 train_loss=1.3754 train_acc=0.452 | val_loss=1.2330 val_acc=0.429
      ep04 train_loss=1.2652 train_acc=0.473 | val_loss=1.5286 val_acc=0.286
      ep05 train_loss=1.2008 train_acc=0.552 | val_loss=1.5023 val_acc=0.286
      ep06 train_loss=1.0882 train_acc=0.544 | val_loss=1.2871 val_acc=0.286
      ep07 train_loss=1.1101 train_acc=0.582 | val_loss=1.4919 val_acc=0.286
      ep08 train_loss=1.1002 train_acc=0.636 | val_loss=1.4805 val_acc=0.286
      ep09 train_loss=1.0734 train_acc=0.607 | val_loss=1.5801 val_acc=0.429
      ep10 train_loss=1.0302 train_acc=0.707 | val_loss=1.3023 val_acc=0.429
      ep11 train_loss=1.0012 train_acc=0.674 | val_loss=1.4514 val_acc=0.429
      ep12 train_loss=1.0413 train_acc=0.665 | val_loss=1.3751 val_acc=0.429
      saved re-evaluation checkpoint fold23_ep12.pt
      ep13 train_loss=0.9653 train_acc=0.707 | val_loss=1.4941 val_acc=0.429
      saved re-evaluation checkpoint fold23_ep13.pt
      ep14 train_loss=0.9642 train_acc=0.674 | val_loss=1.4564 val_acc=0.429
      saved re-evaluation checkpoint fold23_ep14.pt
fold result: UF1=0.2476 UAR=0.3000 ACC=0.4286
fold 25/26: 25 train subjects / 1 validation subjects; 239 train / 7 validation samples
      [early-stop] inner-val subjects=[8, 10, 16, 17, 20, 21] n_fit=172 n_check=67
      [probe] ep00 train_loss=1.6123 train_acc=0.308 check=-1.4568 best=-1.4568@ep00
      [probe] ep01 train_loss=1.4543 train_acc=0.360 check=-1.4195 best=-1.4195@ep01
      [probe] ep02 train_loss=1.3987 train_acc=0.471 check=-1.3739 best=-1.3739@ep02
      [probe] ep03 train_loss=1.3445 train_acc=0.430 check=-1.3468 best=-1.3468@ep03
      [probe] ep04 train_loss=1.2845 train_acc=0.541 check=-1.3365 best=-1.3365@ep04
      [probe] ep05 train_loss=1.2555 train_acc=0.541 check=-1.3604 best=-1.3365@ep04
      [probe] ep06 train_loss=1.1324 train_acc=0.576 check=-1.3248 best=-1.3248@ep06
      [probe] ep07 train_loss=1.1433 train_acc=0.564 check=-1.1987 best=-1.1987@ep07
      [probe] ep08 train_loss=1.1041 train_acc=0.605 check=-1.2502 best=-1.1987@ep07
      [probe] ep09 train_loss=1.0432 train_acc=0.645 check=-1.4477 best=-1.1987@ep07
      [probe] ep10 train_loss=1.1813 train_acc=0.587 check=-1.3318 best=-1.1987@ep07
      [probe] ep11 train_loss=1.0940 train_acc=0.581 check=-1.2830 best=-1.1987@ep07
      [probe] ep12 train_loss=1.0473 train_acc=0.715 check=-1.1298 best=-1.1298@ep12
      [probe] ep13 train_loss=1.0222 train_acc=0.674 check=-1.1555 best=-1.1298@ep12
      [probe] ep14 train_loss=1.0385 train_acc=0.622 check=-1.1858 best=-1.1298@ep12
      [probe] ep15 train_loss=0.9792 train_acc=0.669 check=-1.1703 best=-1.1298@ep12
      [probe] ep16 train_loss=1.0107 train_acc=0.669 check=-1.2367 best=-1.1298@ep12
      [probe] ep17 train_loss=0.9780 train_acc=0.692 check=-1.2744 best=-1.1298@ep12
      [probe] ep18 train_loss=0.8579 train_acc=0.773 check=-1.1852 best=-1.1298@ep12
      [probe] ep19 train_loss=0.9513 train_acc=0.721 check=-1.3217 best=-1.1298@ep12
      [probe] ep20 train_loss=0.9218 train_acc=0.721 check=-1.3512 best=-1.1298@ep12
      [probe] ep21 train_loss=0.8911 train_acc=0.744 check=-1.2214 best=-1.1298@ep12
      [probe] ep22 train_loss=0.8757 train_acc=0.762 check=-1.3712 best=-1.1298@ep12
      [probe] ep23 train_loss=0.8252 train_acc=0.808 check=-1.1845 best=-1.1298@ep12
      [probe] ep24 train_loss=0.8504 train_acc=0.756 check=-1.0687 best=-1.0687@ep24
      [probe] ep25 train_loss=0.7921 train_acc=0.843 check=-1.1947 best=-1.0687@ep24
      [probe] ep26 train_loss=0.8013 train_acc=0.802 check=-1.2352 best=-1.0687@ep24
      [probe] ep27 train_loss=0.8124 train_acc=0.802 check=-1.1776 best=-1.0687@ep24
      [probe] ep28 train_loss=0.7824 train_acc=0.843 check=-1.4413 best=-1.0687@ep24
      [probe] ep29 train_loss=0.7754 train_acc=0.802 check=-1.2055 best=-1.0687@ep24
      [probe] ep30 train_loss=0.7544 train_acc=0.837 check=-1.1950 best=-1.0687@ep24
      [probe] ep31 train_loss=0.7727 train_acc=0.843 check=-1.0397 best=-1.0397@ep31
      [probe] ep32 train_loss=0.7670 train_acc=0.860 check=-1.1447 best=-1.0397@ep31
      [probe] ep33 train_loss=0.7718 train_acc=0.820 check=-1.2397 best=-1.0397@ep31
      [probe] ep34 train_loss=0.7284 train_acc=0.837 check=-1.1168 best=-1.0397@ep31
      [probe] ep35 train_loss=0.7823 train_acc=0.843 check=-1.2314 best=-1.0397@ep31
      [probe] ep36 train_loss=0.7398 train_acc=0.878 check=-1.2883 best=-1.0397@ep31
      [probe] ep37 train_loss=0.7102 train_acc=0.849 check=-1.1855 best=-1.0397@ep31
      [probe] ep38 train_loss=0.6958 train_acc=0.884 check=-1.0494 best=-1.0397@ep31
      [probe] ep39 train_loss=0.7011 train_acc=0.895 check=-1.3332 best=-1.0397@ep31
      [probe] ep40 train_loss=0.6796 train_acc=0.895 check=-1.1027 best=-1.0397@ep31
      [probe] ep41 train_loss=0.6853 train_acc=0.901 check=-1.2266 best=-1.0397@ep31
      [probe] ep42 train_loss=0.6761 train_acc=0.919 check=-1.0820 best=-1.0397@ep31
      [probe] ep43 train_loss=0.6715 train_acc=0.884 check=-1.2053 best=-1.0397@ep31
      [probe] refit epochs = 32 (check=-1.0397)
      ep00 train_loss=1.6663 train_acc=0.280 | val_loss=1.8815 val_acc=0.000
      ep01 train_loss=1.5430 train_acc=0.377 | val_loss=1.7807 val_acc=0.143
      ep02 train_loss=1.4088 train_acc=0.431 | val_loss=1.9745 val_acc=0.000
      ep03 train_loss=1.3256 train_acc=0.502 | val_loss=1.6026 val_acc=0.286
      ep04 train_loss=1.2460 train_acc=0.510 | val_loss=1.6953 val_acc=0.143
      ep05 train_loss=1.2172 train_acc=0.536 | val_loss=1.2619 val_acc=0.286
      ep06 train_loss=1.0801 train_acc=0.590 | val_loss=1.8864 val_acc=0.143
      ep07 train_loss=1.1016 train_acc=0.623 | val_loss=1.8522 val_acc=0.000
      ep08 train_loss=1.1105 train_acc=0.603 | val_loss=1.5777 val_acc=0.143
      ep09 train_loss=1.1132 train_acc=0.586 | val_loss=1.1456 val_acc=0.429
      ep10 train_loss=1.0525 train_acc=0.682 | val_loss=1.4047 val_acc=0.286
      ep11 train_loss=1.0420 train_acc=0.657 | val_loss=0.8881 val_acc=0.571
      ep12 train_loss=1.1111 train_acc=0.615 | val_loss=1.7229 val_acc=0.143
      ep13 train_loss=1.0108 train_acc=0.665 | val_loss=1.2688 val_acc=0.286
      ep14 train_loss=0.9342 train_acc=0.720 | val_loss=1.2831 val_acc=0.429
      ep15 train_loss=0.9590 train_acc=0.682 | val_loss=1.6099 val_acc=0.286
      ep16 train_loss=0.9754 train_acc=0.682 | val_loss=1.3086 val_acc=0.429
      ep17 train_loss=0.9300 train_acc=0.728 | val_loss=1.1068 val_acc=0.429
      ep18 train_loss=0.9134 train_acc=0.720 | val_loss=1.3245 val_acc=0.429
      ep19 train_loss=0.8978 train_acc=0.741 | val_loss=1.4431 val_acc=0.286
      ep20 train_loss=0.8836 train_acc=0.711 | val_loss=1.6062 val_acc=0.143
      ep21 train_loss=0.8595 train_acc=0.749 | val_loss=1.3711 val_acc=0.286
      ep22 train_loss=0.8285 train_acc=0.808 | val_loss=1.3468 val_acc=0.286
      ep23 train_loss=0.7938 train_acc=0.795 | val_loss=1.4321 val_acc=0.143
      ep24 train_loss=0.8101 train_acc=0.791 | val_loss=1.5137 val_acc=0.286
      ep25 train_loss=0.7955 train_acc=0.816 | val_loss=1.2852 val_acc=0.429
      ep26 train_loss=0.7632 train_acc=0.808 | val_loss=1.2442 val_acc=0.286
      ep27 train_loss=0.8283 train_acc=0.824 | val_loss=1.4316 val_acc=0.286
      ep28 train_loss=0.7627 train_acc=0.837 | val_loss=1.2886 val_acc=0.286
      ep29 train_loss=0.7684 train_acc=0.828 | val_loss=1.4088 val_acc=0.286
      saved re-evaluation checkpoint fold24_ep29.pt
      ep30 train_loss=0.7665 train_acc=0.828 | val_loss=1.3787 val_acc=0.286
      saved re-evaluation checkpoint fold24_ep30.pt
      ep31 train_loss=0.7852 train_acc=0.808 | val_loss=1.2663 val_acc=0.286
      saved re-evaluation checkpoint fold24_ep31.pt
fold result: UF1=0.2133 UAR=0.2000 ACC=0.2857
fold 26/26: 25 train subjects / 1 validation subjects; 230 train / 16 validation samples
      [early-stop] inner-val subjects=[8, 10, 16, 17, 20, 21] n_fit=163 n_check=67
      [probe] ep00 train_loss=1.7004 train_acc=0.276 check=-1.6274 best=-1.6274@ep00
      [probe] ep01 train_loss=1.5151 train_acc=0.313 check=-1.4623 best=-1.4623@ep01
      [probe] ep02 train_loss=1.3671 train_acc=0.380 check=-1.3362 best=-1.3362@ep02
      [probe] ep03 train_loss=1.3917 train_acc=0.466 check=-1.4147 best=-1.3362@ep02
      [probe] ep04 train_loss=1.2599 train_acc=0.509 check=-1.3085 best=-1.3085@ep04
      [probe] ep05 train_loss=1.2823 train_acc=0.521 check=-1.2871 best=-1.2871@ep05
      [probe] ep06 train_loss=1.1932 train_acc=0.552 check=-1.2232 best=-1.2232@ep06
      [probe] ep07 train_loss=1.1698 train_acc=0.601 check=-1.2738 best=-1.2232@ep06
      [probe] ep08 train_loss=1.1870 train_acc=0.564 check=-1.2350 best=-1.2232@ep06
      [probe] ep09 train_loss=1.1148 train_acc=0.601 check=-1.2183 best=-1.2183@ep09
      [probe] ep10 train_loss=1.1096 train_acc=0.620 check=-1.4350 best=-1.2183@ep09
      [probe] ep11 train_loss=1.0704 train_acc=0.663 check=-1.0969 best=-1.0969@ep11
      [probe] ep12 train_loss=1.0738 train_acc=0.650 check=-1.3553 best=-1.0969@ep11
      [probe] ep13 train_loss=0.9876 train_acc=0.699 check=-1.1603 best=-1.0969@ep11
      [probe] ep14 train_loss=1.0226 train_acc=0.669 check=-1.3140 best=-1.0969@ep11
      [probe] ep15 train_loss=0.9994 train_acc=0.656 check=-1.1169 best=-1.0969@ep11
      [probe] ep16 train_loss=1.0099 train_acc=0.656 check=-1.2664 best=-1.0969@ep11
      [probe] ep17 train_loss=0.9055 train_acc=0.712 check=-1.3058 best=-1.0969@ep11
      [probe] ep18 train_loss=0.9134 train_acc=0.706 check=-1.2418 best=-1.0969@ep11
      [probe] ep19 train_loss=0.8557 train_acc=0.785 check=-1.0811 best=-1.0811@ep19
      [probe] ep20 train_loss=0.9534 train_acc=0.693 check=-1.2001 best=-1.0811@ep19
      [probe] ep21 train_loss=0.9315 train_acc=0.773 check=-1.3409 best=-1.0811@ep19
      [probe] ep22 train_loss=0.9175 train_acc=0.730 check=-1.1134 best=-1.0811@ep19
      [probe] ep23 train_loss=0.9411 train_acc=0.706 check=-1.1622 best=-1.0811@ep19
      [probe] ep24 train_loss=0.8542 train_acc=0.773 check=-1.1032 best=-1.0811@ep19
      [probe] ep25 train_loss=0.8599 train_acc=0.791 check=-1.1940 best=-1.0811@ep19
      [probe] ep26 train_loss=0.8390 train_acc=0.798 check=-1.2132 best=-1.0811@ep19
      [probe] ep27 train_loss=0.7868 train_acc=0.785 check=-1.2087 best=-1.0811@ep19
      [probe] ep28 train_loss=0.8012 train_acc=0.810 check=-1.2324 best=-1.0811@ep19
      [probe] ep29 train_loss=0.8374 train_acc=0.822 check=-1.2175 best=-1.0811@ep19
      [probe] ep30 train_loss=0.8016 train_acc=0.828 check=-1.1325 best=-1.0811@ep19
      [probe] ep31 train_loss=0.7063 train_acc=0.871 check=-1.1247 best=-1.0811@ep19
      [probe] refit epochs = 20 (check=-1.0811)
      ep00 train_loss=1.6304 train_acc=0.261 | val_loss=1.6197 val_acc=0.125
      ep01 train_loss=1.5125 train_acc=0.361 | val_loss=1.2753 val_acc=0.500
      ep02 train_loss=1.3838 train_acc=0.435 | val_loss=1.1617 val_acc=0.500
      ep03 train_loss=1.3625 train_acc=0.483 | val_loss=1.2548 val_acc=0.562
      ep04 train_loss=1.3179 train_acc=0.452 | val_loss=1.2864 val_acc=0.438
      ep05 train_loss=1.2733 train_acc=0.539 | val_loss=1.2198 val_acc=0.375
      ep06 train_loss=1.2249 train_acc=0.522 | val_loss=1.2677 val_acc=0.125
      ep07 train_loss=1.1239 train_acc=0.596 | val_loss=1.1811 val_acc=0.500
      ep08 train_loss=1.0929 train_acc=0.565 | val_loss=1.3795 val_acc=0.375
      ep09 train_loss=1.0854 train_acc=0.613 | val_loss=1.2259 val_acc=0.375
      ep10 train_loss=1.0575 train_acc=0.609 | val_loss=1.2196 val_acc=0.500
      ep11 train_loss=1.0165 train_acc=0.600 | val_loss=1.0377 val_acc=0.562
      ep12 train_loss=0.9338 train_acc=0.678 | val_loss=1.2725 val_acc=0.375
      ep13 train_loss=0.9429 train_acc=0.717 | val_loss=1.2239 val_acc=0.500
      ep14 train_loss=0.8989 train_acc=0.722 | val_loss=1.2511 val_acc=0.375
      ep15 train_loss=0.9513 train_acc=0.704 | val_loss=1.1134 val_acc=0.375
      ep16 train_loss=0.8690 train_acc=0.778 | val_loss=1.1608 val_acc=0.500
      ep17 train_loss=0.9647 train_acc=0.704 | val_loss=1.2409 val_acc=0.312
      saved re-evaluation checkpoint fold25_ep17.pt
      ep18 train_loss=0.8816 train_acc=0.722 | val_loss=1.1679 val_acc=0.562
      saved re-evaluation checkpoint fold25_ep18.pt
      ep19 train_loss=0.8716 train_acc=0.778 | val_loss=1.1301 val_acc=0.438
      saved re-evaluation checkpoint fold25_ep19.pt
fold result: UF1=0.3206 UAR=0.3511 ACC=0.5000
FINAL dev: UF1=0.5679 UAR=0.6047 ACC=0.5569
saved reproducible artifacts to D:\AI-Projects\casmeII-new-from-sequence-model\experiments\protocol_v2\iter_106_focus_rnn_nopretrain_es_full_s42_v2_dev_loso_all_p5 in 13109.2s
