=== running obj6_mc3 ===
=== EXPERIMENT obj6_mc3 ===
time: 2026-07-16T03:51:46.432501
device: cuda (NVIDIA GeForce RTX 3060)
platform: Windows-10-10.0.26200-SP0 | torch 2.6.0+cu124
config:
{
  "seed": 42,
  "T": 16,
  "img_size": 128,
  "base_size": 144,
  "input_mode": "rgb",
  "backbone": "mc3_18",
  "pretrained": true,
  "dropout": 0.5,
  "epochs": 25,
  "lr": 0.0001,
  "weight_decay": 0.001,
  "batch_size": 6,
  "class_weighting": true,
  "label_smoothing": 0.1,
  "hflip": true,
  "color_jitter": 0.0,
  "temporal_jitter": true,
  "amp": true,
  "eval_last_k": 3,
  "tta": 5,
  "cache_dir": "cache/flow144",
  "index": "cache/index_objective.csv",
  "class_names": [
    "obj1",
    "obj2",
    "obj3",
    "obj4",
    "obj5",
    "obj7"
  ],
  "name": "obj6_mc3",
  "modality": "flow",
  "temporal_span": "onset_offset",
  "flow_clip": 3.0,
  "manifest_name": "manifest_obj6.csv"
}
samples: 254 | classes: 6 ['obj1', 'obj2', 'obj3', 'obj4', 'obj5', 'obj7']
loading arrays into RAM...
loaded 254 arrays

--- Fold 1/26 | test sub01 (9 test, 245 train) ---
      ep00 train_loss=1.9115 train_acc=0.314 | val_loss=1.2556 val_acc=0.444
      ep01 train_loss=1.5911 train_acc=0.502 | val_loss=0.9867 val_acc=0.667
      ep02 train_loss=1.4886 train_acc=0.543 | val_loss=0.8045 val_acc=0.778
      ep03 train_loss=1.3385 train_acc=0.616 | val_loss=0.7363 val_acc=0.667
      ep04 train_loss=1.3685 train_acc=0.624 | val_loss=0.5990 val_acc=0.889
      ep05 train_loss=1.2140 train_acc=0.727 | val_loss=0.8085 val_acc=0.778
      ep06 train_loss=1.3250 train_acc=0.641 | val_loss=0.8439 val_acc=0.778
      ep07 train_loss=1.1740 train_acc=0.714 | val_loss=0.9529 val_acc=0.667
      ep08 train_loss=1.0582 train_acc=0.759 | val_loss=0.6489 val_acc=0.778
      ep09 train_loss=1.0919 train_acc=0.755 | val_loss=0.7274 val_acc=0.778
      ep10 train_loss=1.0349 train_acc=0.812 | val_loss=0.6353 val_acc=0.889
      ep11 train_loss=0.9430 train_acc=0.873 | val_loss=0.6502 val_acc=0.889
      ep12 train_loss=0.9516 train_acc=0.857 | val_loss=0.8754 val_acc=0.778
      ep13 train_loss=0.9550 train_acc=0.861 | val_loss=0.7304 val_acc=0.889
      ep14 train_loss=0.9629 train_acc=0.845 | val_loss=0.6388 val_acc=0.889
      ep15 train_loss=0.9094 train_acc=0.902 | val_loss=0.7633 val_acc=0.889
      ep16 train_loss=0.8826 train_acc=0.894 | val_loss=0.5741 val_acc=0.889
      ep17 train_loss=0.8928 train_acc=0.873 | val_loss=0.5882 val_acc=0.889
      ep18 train_loss=0.8562 train_acc=0.922 | val_loss=0.6913 val_acc=0.889
      ep19 train_loss=0.8540 train_acc=0.898 | val_loss=0.6677 val_acc=0.889
      ep20 train_loss=0.8973 train_acc=0.906 | val_loss=0.6373 val_acc=0.889
      ep21 train_loss=0.8323 train_acc=0.939 | val_loss=0.6623 val_acc=0.889
      ep22 train_loss=0.8285 train_acc=0.935 | val_loss=0.5857 val_acc=0.889
      ep23 train_loss=0.8308 train_acc=0.931 | val_loss=0.6719 val_acc=0.889
      ep24 train_loss=0.8793 train_acc=0.882 | val_loss=0.6754 val_acc=0.889
    fold acc=0.889 time=239.9s | running pooled acc=0.889

--- Fold 2/26 | test sub02 (13 test, 241 train) ---
      ep00 train_loss=1.8674 train_acc=0.378 | val_loss=1.6334 val_acc=0.077
      ep01 train_loss=1.6368 train_acc=0.506 | val_loss=1.5087 val_acc=0.308
      ep02 train_loss=1.4301 train_acc=0.577 | val_loss=1.2097 val_acc=0.462
      ep03 train_loss=1.4164 train_acc=0.635 | val_loss=1.4729 val_acc=0.308
      ep04 train_loss=1.4075 train_acc=0.622 | val_loss=1.2176 val_acc=0.462
      ep05 train_loss=1.2590 train_acc=0.730 | val_loss=1.1452 val_acc=0.615
      ep06 train_loss=1.1396 train_acc=0.739 | val_loss=1.0606 val_acc=0.615
      ep07 train_loss=1.2072 train_acc=0.780 | val_loss=1.0026 val_acc=0.692
      ep08 train_loss=1.1553 train_acc=0.797 | val_loss=1.2222 val_acc=0.538
      ep09 train_loss=1.1598 train_acc=0.776 | val_loss=1.0236 val_acc=0.615
      ep10 train_loss=1.0572 train_acc=0.863 | val_loss=1.0145 val_acc=0.692
      ep11 train_loss=1.0055 train_acc=0.834 | val_loss=1.0794 val_acc=0.615
      ep12 train_loss=1.0047 train_acc=0.876 | val_loss=1.0737 val_acc=0.538
      ep13 train_loss=0.8719 train_acc=0.905 | val_loss=1.0100 val_acc=0.615
      ep14 train_loss=0.9608 train_acc=0.855 | val_loss=1.0887 val_acc=0.615
      ep15 train_loss=0.8875 train_acc=0.921 | val_loss=1.2098 val_acc=0.615
      ep16 train_loss=0.9087 train_acc=0.884 | val_loss=1.1304 val_acc=0.692
      ep17 train_loss=0.8598 train_acc=0.925 | val_loss=1.0029 val_acc=0.615
      ep18 train_loss=0.8622 train_acc=0.913 | val_loss=1.0140 val_acc=0.615
      ep19 train_loss=0.8397 train_acc=0.929 | val_loss=1.0781 val_acc=0.692
      ep20 train_loss=0.8821 train_acc=0.909 | val_loss=0.9552 val_acc=0.615
      ep21 train_loss=0.8334 train_acc=0.942 | val_loss=0.9399 val_acc=0.615
      ep22 train_loss=0.8811 train_acc=0.929 | val_loss=1.0103 val_acc=0.615
      ep23 train_loss=0.8518 train_acc=0.942 | val_loss=0.9943 val_acc=0.615
      ep24 train_loss=0.8913 train_acc=0.921 | val_loss=0.9494 val_acc=0.615
    fold acc=0.615 time=238.6s | running pooled acc=0.727

--- Fold 3/26 | test sub03 (7 test, 247 train) ---
      ep00 train_loss=1.9545 train_acc=0.393 | val_loss=1.6178 val_acc=0.429
      ep01 train_loss=1.6643 train_acc=0.526 | val_loss=1.7489 val_acc=0.429
      ep02 train_loss=1.5329 train_acc=0.571 | val_loss=1.6570 val_acc=0.429
      ep03 train_loss=1.3593 train_acc=0.676 | val_loss=1.8032 val_acc=0.429
      ep04 train_loss=1.2491 train_acc=0.680 | val_loss=1.9593 val_acc=0.286
      ep05 train_loss=1.2689 train_acc=0.692 | val_loss=1.6280 val_acc=0.429
      ep06 train_loss=1.2585 train_acc=0.704 | val_loss=1.8000 val_acc=0.286
      ep07 train_loss=1.1987 train_acc=0.741 | val_loss=1.9571 val_acc=0.286
      ep08 train_loss=1.0753 train_acc=0.777 | val_loss=2.1361 val_acc=0.286
      ep09 train_loss=1.1200 train_acc=0.773 | val_loss=1.6734 val_acc=0.429
      ep10 train_loss=1.1101 train_acc=0.773 | val_loss=1.7683 val_acc=0.286
      ep11 train_loss=0.9658 train_acc=0.834 | val_loss=1.9881 val_acc=0.286
      ep12 train_loss=1.0262 train_acc=0.830 | val_loss=2.1258 val_acc=0.286
      ep13 train_loss=0.8809 train_acc=0.887 | val_loss=1.9121 val_acc=0.286
      ep14 train_loss=0.9499 train_acc=0.862 | val_loss=2.0182 val_acc=0.286
      ep15 train_loss=0.8507 train_acc=0.899 | val_loss=2.1780 val_acc=0.286
      ep16 train_loss=0.8632 train_acc=0.919 | val_loss=2.0107 val_acc=0.143
      ep17 train_loss=0.8762 train_acc=0.915 | val_loss=2.0961 val_acc=0.143
      ep18 train_loss=0.8261 train_acc=0.947 | val_loss=2.2185 val_acc=0.143
      ep19 train_loss=0.8420 train_acc=0.915 | val_loss=2.2420 val_acc=0.143
      ep20 train_loss=0.8916 train_acc=0.911 | val_loss=2.4780 val_acc=0.143
      ep21 train_loss=0.8768 train_acc=0.923 | val_loss=2.2226 val_acc=0.286
      ep22 train_loss=0.8971 train_acc=0.907 | val_loss=2.3107 val_acc=0.143
      ep23 train_loss=0.8047 train_acc=0.939 | val_loss=2.4324 val_acc=0.143
      ep24 train_loss=0.8531 train_acc=0.915 | val_loss=2.1802 val_acc=0.143
    fold acc=0.143 time=239.4s | running pooled acc=0.586

--- Fold 4/26 | test sub04 (5 test, 249 train) ---
      ep00 train_loss=1.8956 train_acc=0.313 | val_loss=1.3422 val_acc=0.400
      ep01 train_loss=1.6021 train_acc=0.534 | val_loss=1.3332 val_acc=0.400
      ep02 train_loss=1.4660 train_acc=0.578 | val_loss=2.1163 val_acc=0.400
      ep03 train_loss=1.3253 train_acc=0.631 | val_loss=1.2485 val_acc=0.400
      ep04 train_loss=1.2511 train_acc=0.715 | val_loss=2.4046 val_acc=0.400
      ep05 train_loss=1.2100 train_acc=0.723 | val_loss=2.0656 val_acc=0.400
      ep06 train_loss=1.1778 train_acc=0.755 | val_loss=2.1148 val_acc=0.400
      ep07 train_loss=1.1149 train_acc=0.743 | val_loss=2.2803 val_acc=0.400
      ep08 train_loss=1.1192 train_acc=0.759 | val_loss=1.3945 val_acc=0.600
      ep09 train_loss=1.0573 train_acc=0.795 | val_loss=1.0943 val_acc=0.600
      ep10 train_loss=0.9901 train_acc=0.811 | val_loss=1.5183 val_acc=0.400
      ep11 train_loss=0.9502 train_acc=0.867 | val_loss=2.0030 val_acc=0.400
      ep12 train_loss=0.9195 train_acc=0.863 | val_loss=1.6791 val_acc=0.400
      ep13 train_loss=0.9245 train_acc=0.876 | val_loss=1.3568 val_acc=0.400
      ep14 train_loss=0.9046 train_acc=0.880 | val_loss=1.8382 val_acc=0.400
      ep15 train_loss=0.9229 train_acc=0.851 | val_loss=1.6182 val_acc=0.600
      ep16 train_loss=0.8874 train_acc=0.916 | val_loss=1.7777 val_acc=0.400
      ep17 train_loss=0.8649 train_acc=0.932 | val_loss=1.5355 val_acc=0.400
      ep18 train_loss=0.8223 train_acc=0.940 | val_loss=1.5549 val_acc=0.400
      ep19 train_loss=0.8123 train_acc=0.920 | val_loss=1.7700 val_acc=0.400
      ep20 train_loss=0.7869 train_acc=0.928 | val_loss=1.6386 val_acc=0.400
      ep21 train_loss=0.8275 train_acc=0.904 | val_loss=1.5251 val_acc=0.400
      ep22 train_loss=0.8615 train_acc=0.920 | val_loss=1.5138 val_acc=0.400
      ep23 train_loss=0.8436 train_acc=0.936 | val_loss=1.6035 val_acc=0.400
      ep24 train_loss=0.7946 train_acc=0.952 | val_loss=1.3006 val_acc=0.600
    fold acc=0.400 time=239.7s | running pooled acc=0.559

--- Fold 5/26 | test sub05 (19 test, 235 train) ---
      ep00 train_loss=1.9306 train_acc=0.332 | val_loss=1.5577 val_acc=0.368
      ep01 train_loss=1.6434 train_acc=0.481 | val_loss=1.2597 val_acc=0.526
      ep02 train_loss=1.4740 train_acc=0.617 | val_loss=1.3729 val_acc=0.632
      ep03 train_loss=1.3220 train_acc=0.655 | val_loss=1.3237 val_acc=0.632
      ep04 train_loss=1.3303 train_acc=0.664 | val_loss=1.2313 val_acc=0.474
      ep05 train_loss=1.2493 train_acc=0.685 | val_loss=1.8183 val_acc=0.421
      ep06 train_loss=1.2086 train_acc=0.745 | val_loss=1.2126 val_acc=0.526
      ep07 train_loss=1.1151 train_acc=0.766 | val_loss=1.5629 val_acc=0.474
      ep08 train_loss=1.2143 train_acc=0.770 | val_loss=1.1895 val_acc=0.684
      ep09 train_loss=1.0558 train_acc=0.800 | val_loss=1.9536 val_acc=0.368
      ep10 train_loss=1.0812 train_acc=0.762 | val_loss=1.2791 val_acc=0.526
      ep11 train_loss=1.0522 train_acc=0.796 | val_loss=1.2610 val_acc=0.579
      ep12 train_loss=0.9757 train_acc=0.838 | val_loss=1.2027 val_acc=0.526
      ep13 train_loss=0.8999 train_acc=0.915 | val_loss=1.3491 val_acc=0.526
      ep14 train_loss=0.9368 train_acc=0.868 | val_loss=1.3668 val_acc=0.632
      ep15 train_loss=0.8714 train_acc=0.898 | val_loss=1.3296 val_acc=0.474
      ep16 train_loss=0.8789 train_acc=0.902 | val_loss=1.6189 val_acc=0.474
      ep17 train_loss=0.8655 train_acc=0.928 | val_loss=1.3257 val_acc=0.579
      ep18 train_loss=0.9193 train_acc=0.885 | val_loss=1.3075 val_acc=0.526
      ep19 train_loss=0.8631 train_acc=0.923 | val_loss=1.4218 val_acc=0.579
      ep20 train_loss=0.8481 train_acc=0.919 | val_loss=1.5099 val_acc=0.579
      ep21 train_loss=0.8441 train_acc=0.928 | val_loss=1.2763 val_acc=0.632
      ep22 train_loss=0.8656 train_acc=0.911 | val_loss=1.5628 val_acc=0.474
      ep23 train_loss=0.8332 train_acc=0.940 | val_loss=1.4935 val_acc=0.526
      ep24 train_loss=0.8182 train_acc=0.962 | val_loss=1.5180 val_acc=0.526
    fold acc=0.526 time=239.2s | running pooled acc=0.547

--- Fold 6/26 | test sub06 (5 test, 249 train) ---
      ep00 train_loss=1.9357 train_acc=0.309 | val_loss=1.4967 val_acc=0.600
      ep01 train_loss=1.6427 train_acc=0.534 | val_loss=1.7741 val_acc=0.400
      ep02 train_loss=1.4278 train_acc=0.582 | val_loss=1.6776 val_acc=0.200
      ep03 train_loss=1.3227 train_acc=0.610 | val_loss=1.8339 val_acc=0.400
      ep04 train_loss=1.2685 train_acc=0.707 | val_loss=1.2548 val_acc=0.400
      ep05 train_loss=1.2197 train_acc=0.695 | val_loss=2.1312 val_acc=0.400
      ep06 train_loss=1.2199 train_acc=0.755 | val_loss=2.0608 val_acc=0.200
      ep07 train_loss=1.1462 train_acc=0.747 | val_loss=1.6814 val_acc=0.400
      ep08 train_loss=1.1232 train_acc=0.779 | val_loss=1.5205 val_acc=0.600
      ep09 train_loss=1.1044 train_acc=0.763 | val_loss=1.1112 val_acc=0.400
      ep10 train_loss=1.0050 train_acc=0.807 | val_loss=1.3376 val_acc=0.400
      ep11 train_loss=0.9574 train_acc=0.867 | val_loss=1.7990 val_acc=0.400
      ep12 train_loss=0.9344 train_acc=0.859 | val_loss=1.8054 val_acc=0.400
      ep13 train_loss=0.9695 train_acc=0.847 | val_loss=1.7251 val_acc=0.400
      ep14 train_loss=0.9654 train_acc=0.859 | val_loss=1.9987 val_acc=0.400
      ep15 train_loss=0.9519 train_acc=0.851 | val_loss=1.5774 val_acc=0.400
      ep16 train_loss=0.8844 train_acc=0.928 | val_loss=1.5787 val_acc=0.400
      ep17 train_loss=0.8865 train_acc=0.920 | val_loss=1.3185 val_acc=0.400
      ep18 train_loss=0.8588 train_acc=0.916 | val_loss=1.6408 val_acc=0.600
      ep19 train_loss=0.8104 train_acc=0.944 | val_loss=1.6181 val_acc=0.600
      ep20 train_loss=0.8173 train_acc=0.928 | val_loss=1.7285 val_acc=0.400
      ep21 train_loss=0.8584 train_acc=0.916 | val_loss=1.5407 val_acc=0.400
      ep22 train_loss=0.8845 train_acc=0.908 | val_loss=1.5250 val_acc=0.600
      ep23 train_loss=0.8430 train_acc=0.932 | val_loss=1.4560 val_acc=0.600
      ep24 train_loss=0.8162 train_acc=0.936 | val_loss=1.6479 val_acc=0.400
    fold acc=0.600 time=239.7s | running pooled acc=0.552

--- Fold 7/26 | test sub07 (9 test, 245 train) ---
      ep00 train_loss=1.9176 train_acc=0.331 | val_loss=1.5838 val_acc=0.222
      ep01 train_loss=1.5190 train_acc=0.576 | val_loss=1.6179 val_acc=0.333
      ep02 train_loss=1.4402 train_acc=0.571 | val_loss=1.4512 val_acc=0.444
      ep03 train_loss=1.3477 train_acc=0.649 | val_loss=1.9743 val_acc=0.222
      ep04 train_loss=1.3622 train_acc=0.678 | val_loss=1.5370 val_acc=0.333
      ep05 train_loss=1.2279 train_acc=0.743 | val_loss=1.5020 val_acc=0.444
      ep06 train_loss=1.2726 train_acc=0.718 | val_loss=1.5176 val_acc=0.444
      ep07 train_loss=1.1414 train_acc=0.747 | val_loss=1.4241 val_acc=0.556
      ep08 train_loss=1.1656 train_acc=0.751 | val_loss=1.5264 val_acc=0.556
      ep09 train_loss=1.1083 train_acc=0.763 | val_loss=1.4883 val_acc=0.444
      ep10 train_loss=1.0701 train_acc=0.776 | val_loss=1.4626 val_acc=0.556
      ep11 train_loss=0.9486 train_acc=0.865 | val_loss=1.7215 val_acc=0.444
      ep12 train_loss=0.9454 train_acc=0.890 | val_loss=1.5424 val_acc=0.444
      ep13 train_loss=0.9443 train_acc=0.882 | val_loss=1.8434 val_acc=0.444
      ep14 train_loss=0.9449 train_acc=0.890 | val_loss=1.5211 val_acc=0.556
      ep15 train_loss=0.8608 train_acc=0.873 | val_loss=1.4977 val_acc=0.556
      ep16 train_loss=0.8534 train_acc=0.931 | val_loss=1.5570 val_acc=0.556
      ep17 train_loss=0.8806 train_acc=0.894 | val_loss=1.4679 val_acc=0.556
      ep18 train_loss=0.8335 train_acc=0.906 | val_loss=1.7236 val_acc=0.556
      ep19 train_loss=0.8540 train_acc=0.914 | val_loss=1.7321 val_acc=0.556
      ep20 train_loss=0.8989 train_acc=0.918 | val_loss=1.7238 val_acc=0.556
      ep21 train_loss=0.8080 train_acc=0.951 | val_loss=1.6558 val_acc=0.556
      ep22 train_loss=0.8719 train_acc=0.927 | val_loss=1.6360 val_acc=0.556
      ep23 train_loss=0.8178 train_acc=0.931 | val_loss=1.6847 val_acc=0.556
      ep24 train_loss=0.8619 train_acc=0.922 | val_loss=1.6490 val_acc=0.556
    fold acc=0.556 time=238.7s | running pooled acc=0.552

--- Fold 8/26 | test sub08 (3 test, 251 train) ---
      ep00 train_loss=1.8811 train_acc=0.339 | val_loss=1.2756 val_acc=0.667
      ep01 train_loss=1.5746 train_acc=0.506 | val_loss=1.3206 val_acc=0.667
      ep02 train_loss=1.5217 train_acc=0.570 | val_loss=0.8020 val_acc=0.667
      ep03 train_loss=1.3630 train_acc=0.590 | val_loss=1.2704 val_acc=0.333
      ep04 train_loss=1.3856 train_acc=0.637 | val_loss=0.8109 val_acc=1.000
      ep05 train_loss=1.2873 train_acc=0.697 | val_loss=0.6080 val_acc=1.000
      ep06 train_loss=1.1925 train_acc=0.733 | val_loss=0.7525 val_acc=1.000
      ep07 train_loss=1.1554 train_acc=0.765 | val_loss=0.6708 val_acc=0.667
      ep08 train_loss=1.0573 train_acc=0.777 | val_loss=0.6519 val_acc=0.667
      ep09 train_loss=1.0433 train_acc=0.801 | val_loss=1.1490 val_acc=0.333
      ep10 train_loss=1.0282 train_acc=0.809 | val_loss=1.0889 val_acc=0.333
      ep11 train_loss=0.9890 train_acc=0.861 | val_loss=0.6226 val_acc=0.667
      ep12 train_loss=0.9799 train_acc=0.841 | val_loss=0.8166 val_acc=0.333
      ep13 train_loss=0.8734 train_acc=0.884 | val_loss=1.1131 val_acc=0.333
      ep14 train_loss=0.9173 train_acc=0.892 | val_loss=0.9275 val_acc=0.667
      ep15 train_loss=0.8672 train_acc=0.908 | val_loss=0.8903 val_acc=0.333
      ep16 train_loss=0.8478 train_acc=0.892 | val_loss=0.7363 val_acc=0.667
      ep17 train_loss=0.8097 train_acc=0.932 | val_loss=1.0573 val_acc=0.333
      ep18 train_loss=0.8524 train_acc=0.912 | val_loss=0.6910 val_acc=1.000
      ep19 train_loss=0.8500 train_acc=0.916 | val_loss=1.0636 val_acc=0.333
      ep20 train_loss=0.8268 train_acc=0.924 | val_loss=1.1900 val_acc=0.333
      ep21 train_loss=0.8147 train_acc=0.932 | val_loss=0.9073 val_acc=0.333
      ep22 train_loss=0.8498 train_acc=0.920 | val_loss=0.7178 val_acc=0.333
      ep23 train_loss=0.8259 train_acc=0.948 | val_loss=0.9652 val_acc=0.333
      ep24 train_loss=0.8292 train_acc=0.940 | val_loss=0.7960 val_acc=0.667
    fold acc=0.667 time=240.6s | running pooled acc=0.557

--- Fold 9/26 | test sub09 (13 test, 241 train) ---
      ep00 train_loss=1.9143 train_acc=0.357 | val_loss=1.3075 val_acc=0.385
      ep01 train_loss=1.6239 train_acc=0.523 | val_loss=1.1396 val_acc=0.615
      ep02 train_loss=1.4693 train_acc=0.564 | val_loss=1.1871 val_acc=0.538
      ep03 train_loss=1.4067 train_acc=0.651 | val_loss=0.8324 val_acc=0.769
      ep04 train_loss=1.3665 train_acc=0.610 | val_loss=0.7023 val_acc=0.846
      ep05 train_loss=1.3393 train_acc=0.635 | val_loss=0.7917 val_acc=0.615
      ep06 train_loss=1.2464 train_acc=0.693 | val_loss=0.7032 val_acc=0.769
      ep07 train_loss=1.2451 train_acc=0.743 | val_loss=0.6786 val_acc=0.692
      ep08 train_loss=1.2327 train_acc=0.722 | val_loss=0.7304 val_acc=0.769
      ep09 train_loss=1.1527 train_acc=0.772 | val_loss=0.7214 val_acc=0.769
      ep10 train_loss=1.1832 train_acc=0.780 | val_loss=0.7457 val_acc=0.692
      ep11 train_loss=1.0702 train_acc=0.813 | val_loss=0.8326 val_acc=0.538
      ep12 train_loss=1.0749 train_acc=0.784 | val_loss=0.6412 val_acc=0.846
      ep13 train_loss=0.9187 train_acc=0.896 | val_loss=0.7204 val_acc=0.769
      ep14 train_loss=1.0282 train_acc=0.813 | val_loss=0.6196 val_acc=0.769
      ep15 train_loss=0.9141 train_acc=0.917 | val_loss=0.6536 val_acc=0.769
      ep16 train_loss=0.8909 train_acc=0.909 | val_loss=0.7011 val_acc=0.846
      ep17 train_loss=0.8461 train_acc=0.913 | val_loss=0.6720 val_acc=0.769
      ep18 train_loss=0.8481 train_acc=0.950 | val_loss=0.6468 val_acc=0.769
      ep19 train_loss=0.8969 train_acc=0.921 | val_loss=0.6677 val_acc=0.846
      ep20 train_loss=0.8637 train_acc=0.925 | val_loss=0.6602 val_acc=0.846
      ep21 train_loss=0.8520 train_acc=0.954 | val_loss=0.6528 val_acc=0.769
      ep22 train_loss=0.8480 train_acc=0.959 | val_loss=0.6655 val_acc=0.846
      ep23 train_loss=0.8773 train_acc=0.917 | val_loss=0.7023 val_acc=0.769
      ep24 train_loss=0.8755 train_acc=0.938 | val_loss=0.7102 val_acc=0.846
    fold acc=0.769 time=239.9s | running pooled acc=0.590

--- Fold 10/26 | test sub10 (14 test, 240 train) ---
      ep00 train_loss=1.8518 train_acc=0.362 | val_loss=0.6964 val_acc=0.857
      ep01 train_loss=1.5423 train_acc=0.512 | val_loss=0.6625 val_acc=0.857
      ep02 train_loss=1.4203 train_acc=0.621 | val_loss=0.6392 val_acc=0.857
      ep03 train_loss=1.4361 train_acc=0.537 | val_loss=0.5880 val_acc=0.857
      ep04 train_loss=1.3777 train_acc=0.604 | val_loss=0.5144 val_acc=0.857
      ep05 train_loss=1.2086 train_acc=0.729 | val_loss=0.6998 val_acc=0.714
      ep06 train_loss=1.0990 train_acc=0.762 | val_loss=0.6626 val_acc=0.786
      ep07 train_loss=1.0982 train_acc=0.771 | val_loss=0.4855 val_acc=0.857
      ep08 train_loss=1.0702 train_acc=0.767 | val_loss=0.6343 val_acc=0.714
      ep09 train_loss=1.0012 train_acc=0.829 | val_loss=0.5500 val_acc=0.857
      ep10 train_loss=1.0578 train_acc=0.800 | val_loss=0.5516 val_acc=0.857
      ep11 train_loss=0.9359 train_acc=0.900 | val_loss=0.5318 val_acc=0.786
      ep12 train_loss=0.9604 train_acc=0.854 | val_loss=0.5279 val_acc=0.857
      ep13 train_loss=0.8674 train_acc=0.887 | val_loss=0.4490 val_acc=0.857
      ep14 train_loss=0.8679 train_acc=0.892 | val_loss=0.3392 val_acc=0.929
      ep15 train_loss=0.8862 train_acc=0.917 | val_loss=0.5789 val_acc=0.857
      ep16 train_loss=0.8438 train_acc=0.912 | val_loss=0.6817 val_acc=0.786
      ep17 train_loss=0.8656 train_acc=0.875 | val_loss=0.6890 val_acc=0.857
      ep18 train_loss=0.8086 train_acc=0.908 | val_loss=0.5927 val_acc=0.929
      ep19 train_loss=0.7815 train_acc=0.925 | val_loss=0.5079 val_acc=0.929
      ep20 train_loss=0.7792 train_acc=0.942 | val_loss=0.5309 val_acc=0.929
      ep21 train_loss=0.7697 train_acc=0.929 | val_loss=0.5074 val_acc=0.929
      ep22 train_loss=0.7780 train_acc=0.958 | val_loss=0.5297 val_acc=0.929
      ep23 train_loss=0.7484 train_acc=0.946 | val_loss=0.5351 val_acc=0.929
      ep24 train_loss=0.7984 train_acc=0.942 | val_loss=0.5056 val_acc=0.929
    fold acc=0.929 time=238.3s | running pooled acc=0.639

--- Fold 11/26 | test sub11 (10 test, 244 train) ---
      ep00 train_loss=1.8914 train_acc=0.320 | val_loss=1.0070 val_acc=0.700
      ep01 train_loss=1.5468 train_acc=0.529 | val_loss=0.9568 val_acc=0.700
      ep02 train_loss=1.4222 train_acc=0.627 | val_loss=0.9260 val_acc=0.500
      ep03 train_loss=1.4980 train_acc=0.574 | val_loss=0.6534 val_acc=0.800
      ep04 train_loss=1.3210 train_acc=0.676 | val_loss=0.6252 val_acc=0.600
      ep05 train_loss=1.3404 train_acc=0.619 | val_loss=0.8766 val_acc=0.700
      ep06 train_loss=1.2442 train_acc=0.721 | val_loss=0.6032 val_acc=0.900
      ep07 train_loss=1.1350 train_acc=0.750 | val_loss=0.7219 val_acc=0.700
      ep08 train_loss=1.0625 train_acc=0.811 | val_loss=0.5118 val_acc=0.800
      ep09 train_loss=1.0438 train_acc=0.840 | val_loss=0.5394 val_acc=0.800
      ep10 train_loss=1.0259 train_acc=0.791 | val_loss=0.7226 val_acc=0.800
      ep11 train_loss=0.9263 train_acc=0.861 | val_loss=0.7052 val_acc=0.700
      ep12 train_loss=0.9612 train_acc=0.828 | val_loss=0.5810 val_acc=0.800
      ep13 train_loss=0.8650 train_acc=0.902 | val_loss=0.7097 val_acc=0.700
      ep14 train_loss=0.9893 train_acc=0.844 | val_loss=0.5908 val_acc=0.800
      ep15 train_loss=0.8841 train_acc=0.922 | val_loss=0.5501 val_acc=0.800
      ep16 train_loss=0.8313 train_acc=0.902 | val_loss=0.5618 val_acc=0.800
      ep17 train_loss=0.8677 train_acc=0.910 | val_loss=0.5883 val_acc=0.800
      ep18 train_loss=0.8543 train_acc=0.898 | val_loss=0.5573 val_acc=0.800
      ep19 train_loss=0.8031 train_acc=0.922 | val_loss=0.6493 val_acc=0.700
      ep20 train_loss=0.8486 train_acc=0.914 | val_loss=0.6347 val_acc=0.700
      ep21 train_loss=0.8913 train_acc=0.910 | val_loss=0.6762 val_acc=0.800
      ep22 train_loss=0.8519 train_acc=0.926 | val_loss=0.6452 val_acc=0.700
      ep23 train_loss=0.8538 train_acc=0.930 | val_loss=0.6781 val_acc=0.700
      ep24 train_loss=0.8269 train_acc=0.914 | val_loss=0.6261 val_acc=0.800
    fold acc=0.900 time=239.3s | running pooled acc=0.664

--- Fold 12/26 | test sub12 (12 test, 242 train) ---
      ep00 train_loss=1.9601 train_acc=0.289 | val_loss=1.1683 val_acc=0.833
      ep01 train_loss=1.7488 train_acc=0.455 | val_loss=0.9787 val_acc=0.667
      ep02 train_loss=1.5615 train_acc=0.545 | val_loss=0.8818 val_acc=0.750
      ep03 train_loss=1.3870 train_acc=0.628 | val_loss=1.1302 val_acc=0.417
      ep04 train_loss=1.3474 train_acc=0.653 | val_loss=1.5368 val_acc=0.500
      ep05 train_loss=1.3635 train_acc=0.645 | val_loss=1.3642 val_acc=0.750
      ep06 train_loss=1.1996 train_acc=0.748 | val_loss=1.2280 val_acc=0.333
      ep07 train_loss=1.1857 train_acc=0.744 | val_loss=0.9681 val_acc=0.750
      ep08 train_loss=1.1379 train_acc=0.744 | val_loss=1.7414 val_acc=0.333
      ep09 train_loss=1.1169 train_acc=0.789 | val_loss=1.9473 val_acc=0.417
      ep10 train_loss=1.1274 train_acc=0.839 | val_loss=2.4665 val_acc=0.333
      ep11 train_loss=1.0796 train_acc=0.806 | val_loss=1.6544 val_acc=0.583
      ep12 train_loss=0.9503 train_acc=0.847 | val_loss=2.4787 val_acc=0.500
      ep13 train_loss=0.9426 train_acc=0.880 | val_loss=2.5651 val_acc=0.333
      ep14 train_loss=1.0008 train_acc=0.876 | val_loss=1.9363 val_acc=0.500
      ep15 train_loss=0.9182 train_acc=0.893 | val_loss=1.4140 val_acc=0.750
      ep16 train_loss=0.9101 train_acc=0.897 | val_loss=1.1632 val_acc=0.667
      ep17 train_loss=0.9195 train_acc=0.921 | val_loss=1.7641 val_acc=0.583
      ep18 train_loss=0.9251 train_acc=0.917 | val_loss=1.6275 val_acc=0.583
      ep19 train_loss=0.9283 train_acc=0.913 | val_loss=1.4312 val_acc=0.583
      ep20 train_loss=0.8879 train_acc=0.930 | val_loss=1.3283 val_acc=0.583
      ep21 train_loss=0.8841 train_acc=0.930 | val_loss=1.5692 val_acc=0.583
      ep22 train_loss=0.8982 train_acc=0.913 | val_loss=1.6750 val_acc=0.583
      ep23 train_loss=0.9059 train_acc=0.917 | val_loss=1.8694 val_acc=0.583
      ep24 train_loss=0.8999 train_acc=0.901 | val_loss=1.3623 val_acc=0.583
    fold acc=0.583 time=239.3s | running pooled acc=0.655

--- Fold 13/26 | test sub13 (8 test, 246 train) ---
      ep00 train_loss=1.8658 train_acc=0.346 | val_loss=1.3370 val_acc=0.625
      ep01 train_loss=1.5906 train_acc=0.463 | val_loss=0.8797 val_acc=0.750
      ep02 train_loss=1.4619 train_acc=0.585 | val_loss=0.7434 val_acc=0.750
      ep03 train_loss=1.3232 train_acc=0.634 | val_loss=0.8091 val_acc=0.625
      ep04 train_loss=1.3471 train_acc=0.663 | val_loss=0.7213 val_acc=0.875
      ep05 train_loss=1.2509 train_acc=0.671 | val_loss=0.7419 val_acc=0.750
      ep06 train_loss=1.1880 train_acc=0.711 | val_loss=0.8072 val_acc=0.750
      ep07 train_loss=1.1459 train_acc=0.703 | val_loss=0.8874 val_acc=0.625
      ep08 train_loss=1.0709 train_acc=0.772 | val_loss=0.5272 val_acc=0.875
      ep09 train_loss=1.0239 train_acc=0.841 | val_loss=0.4964 val_acc=0.875
      ep10 train_loss=1.0053 train_acc=0.825 | val_loss=0.6750 val_acc=0.750
      ep11 train_loss=0.9313 train_acc=0.854 | val_loss=0.7094 val_acc=0.750
      ep12 train_loss=1.0054 train_acc=0.841 | val_loss=0.5946 val_acc=0.875
      ep13 train_loss=0.9345 train_acc=0.870 | val_loss=0.7637 val_acc=0.750
      ep14 train_loss=0.9324 train_acc=0.866 | val_loss=0.7629 val_acc=0.750
      ep15 train_loss=0.9256 train_acc=0.870 | val_loss=0.6589 val_acc=0.750
      ep16 train_loss=0.8509 train_acc=0.927 | val_loss=0.6000 val_acc=0.875
      ep17 train_loss=0.7955 train_acc=0.927 | val_loss=0.6409 val_acc=0.750
      ep18 train_loss=0.8473 train_acc=0.911 | val_loss=0.6261 val_acc=0.750
      ep19 train_loss=0.8415 train_acc=0.927 | val_loss=0.6476 val_acc=0.875
      ep20 train_loss=0.7929 train_acc=0.943 | val_loss=0.6330 val_acc=0.750
      ep21 train_loss=0.7812 train_acc=0.927 | val_loss=0.6576 val_acc=0.750
      ep22 train_loss=0.7925 train_acc=0.967 | val_loss=0.6845 val_acc=0.750
      ep23 train_loss=0.8102 train_acc=0.931 | val_loss=0.7053 val_acc=0.750
      ep24 train_loss=0.8013 train_acc=0.943 | val_loss=0.6782 val_acc=0.750
    fold acc=0.875 time=239.4s | running pooled acc=0.669

--- Fold 14/26 | test sub14 (4 test, 250 train) ---
      ep00 train_loss=1.9260 train_acc=0.324 | val_loss=1.3669 val_acc=0.750
      ep01 train_loss=1.5793 train_acc=0.484 | val_loss=1.0511 val_acc=0.500
      ep02 train_loss=1.4414 train_acc=0.580 | val_loss=1.1935 val_acc=0.500
      ep03 train_loss=1.3627 train_acc=0.640 | val_loss=0.8199 val_acc=0.750
      ep04 train_loss=1.2624 train_acc=0.676 | val_loss=0.8048 val_acc=0.750
      ep05 train_loss=1.3017 train_acc=0.656 | val_loss=0.6651 val_acc=1.000
      ep06 train_loss=1.1634 train_acc=0.724 | val_loss=1.7665 val_acc=0.250
      ep07 train_loss=1.1270 train_acc=0.756 | val_loss=0.5902 val_acc=0.750
      ep08 train_loss=1.1203 train_acc=0.784 | val_loss=0.7617 val_acc=0.750
      ep09 train_loss=1.1019 train_acc=0.776 | val_loss=0.9069 val_acc=0.750
      ep10 train_loss=1.0275 train_acc=0.840 | val_loss=0.8114 val_acc=0.750
      ep11 train_loss=1.0392 train_acc=0.808 | val_loss=1.1538 val_acc=0.750
      ep12 train_loss=0.9666 train_acc=0.836 | val_loss=0.5927 val_acc=0.750
      ep13 train_loss=0.9885 train_acc=0.816 | val_loss=0.8689 val_acc=0.750
      ep14 train_loss=0.9142 train_acc=0.880 | val_loss=0.9803 val_acc=0.750
      ep15 train_loss=0.8714 train_acc=0.900 | val_loss=1.0981 val_acc=0.500
      ep16 train_loss=0.8529 train_acc=0.916 | val_loss=1.1340 val_acc=0.750
      ep17 train_loss=0.8183 train_acc=0.940 | val_loss=0.9889 val_acc=0.750
      ep18 train_loss=0.7891 train_acc=0.956 | val_loss=0.8780 val_acc=0.750
      ep19 train_loss=0.8586 train_acc=0.932 | val_loss=0.8848 val_acc=0.750
      ep20 train_loss=0.8485 train_acc=0.912 | val_loss=0.9263 val_acc=0.750
      ep21 train_loss=0.8026 train_acc=0.944 | val_loss=0.9647 val_acc=0.750
      ep22 train_loss=0.8489 train_acc=0.916 | val_loss=0.9517 val_acc=0.750
      ep23 train_loss=0.8044 train_acc=0.944 | val_loss=0.8407 val_acc=0.750
      ep24 train_loss=0.7993 train_acc=0.952 | val_loss=0.9432 val_acc=0.750
    fold acc=0.750 time=239.4s | running pooled acc=0.672

--- Fold 15/26 | test sub15 (3 test, 251 train) ---
      ep00 train_loss=1.8809 train_acc=0.335 | val_loss=1.7071 val_acc=0.000
      ep01 train_loss=1.5633 train_acc=0.510 | val_loss=1.3698 val_acc=0.333
      ep02 train_loss=1.4888 train_acc=0.582 | val_loss=1.0215 val_acc=0.667
      ep03 train_loss=1.3111 train_acc=0.622 | val_loss=1.2120 val_acc=0.333
      ep04 train_loss=1.3186 train_acc=0.661 | val_loss=0.8281 val_acc=1.000
      ep05 train_loss=1.3598 train_acc=0.677 | val_loss=1.0094 val_acc=0.333
      ep06 train_loss=1.2646 train_acc=0.721 | val_loss=0.7094 val_acc=1.000
      ep07 train_loss=1.1446 train_acc=0.745 | val_loss=0.5994 val_acc=1.000
      ep08 train_loss=1.1134 train_acc=0.785 | val_loss=0.7791 val_acc=1.000
      ep09 train_loss=1.1001 train_acc=0.753 | val_loss=0.6684 val_acc=1.000
      ep10 train_loss=0.9846 train_acc=0.841 | val_loss=0.7192 val_acc=0.667
      ep11 train_loss=0.9946 train_acc=0.861 | val_loss=0.5544 val_acc=1.000
      ep12 train_loss=0.9372 train_acc=0.833 | val_loss=0.8000 val_acc=1.000
      ep13 train_loss=0.9142 train_acc=0.873 | val_loss=0.5917 val_acc=1.000
      ep14 train_loss=0.9275 train_acc=0.884 | val_loss=0.7284 val_acc=0.667
      ep15 train_loss=0.8909 train_acc=0.896 | val_loss=0.7082 val_acc=0.667
      ep16 train_loss=0.8469 train_acc=0.908 | val_loss=0.5971 val_acc=0.667
      ep17 train_loss=0.8455 train_acc=0.944 | val_loss=0.6194 val_acc=1.000
      ep18 train_loss=0.8523 train_acc=0.916 | val_loss=0.6805 val_acc=1.000
      ep19 train_loss=0.8299 train_acc=0.940 | val_loss=0.5233 val_acc=1.000
      ep20 train_loss=0.8314 train_acc=0.924 | val_loss=0.6400 val_acc=1.000
      ep21 train_loss=0.8264 train_acc=0.944 | val_loss=0.6123 val_acc=1.000
      ep22 train_loss=0.8473 train_acc=0.932 | val_loss=0.4563 val_acc=1.000
      ep23 train_loss=0.8436 train_acc=0.944 | val_loss=0.5356 val_acc=1.000
      ep24 train_loss=0.8420 train_acc=0.920 | val_loss=0.5458 val_acc=1.000
    fold acc=1.000 time=239.3s | running pooled acc=0.679

--- Fold 16/26 | test sub16 (4 test, 250 train) ---
      ep00 train_loss=1.9183 train_acc=0.352 | val_loss=1.8113 val_acc=0.250
      ep01 train_loss=1.5729 train_acc=0.480 | val_loss=1.8568 val_acc=0.250
      ep02 train_loss=1.4433 train_acc=0.596 | val_loss=2.0850 val_acc=0.250
      ep03 train_loss=1.3748 train_acc=0.632 | val_loss=2.2107 val_acc=0.250
      ep04 train_loss=1.2243 train_acc=0.688 | val_loss=2.0784 val_acc=0.500
      ep05 train_loss=1.2995 train_acc=0.644 | val_loss=2.0141 val_acc=0.500
      ep06 train_loss=1.1822 train_acc=0.732 | val_loss=2.1726 val_acc=0.250
      ep07 train_loss=1.1483 train_acc=0.740 | val_loss=1.9849 val_acc=0.500
      ep08 train_loss=1.1259 train_acc=0.740 | val_loss=2.0987 val_acc=0.500
      ep09 train_loss=1.0752 train_acc=0.804 | val_loss=1.8214 val_acc=0.250
      ep10 train_loss=1.0316 train_acc=0.840 | val_loss=2.0764 val_acc=0.500
      ep11 train_loss=1.0059 train_acc=0.840 | val_loss=2.1987 val_acc=0.500
      ep12 train_loss=0.9684 train_acc=0.844 | val_loss=2.3707 val_acc=0.250
      ep13 train_loss=0.9572 train_acc=0.828 | val_loss=2.1288 val_acc=0.500
      ep14 train_loss=0.9170 train_acc=0.888 | val_loss=1.8468 val_acc=0.500
      ep15 train_loss=0.8709 train_acc=0.908 | val_loss=2.1382 val_acc=0.500
      ep16 train_loss=0.8943 train_acc=0.916 | val_loss=2.0004 val_acc=0.500
      ep17 train_loss=0.8092 train_acc=0.944 | val_loss=2.0285 val_acc=0.250
      ep18 train_loss=0.7928 train_acc=0.944 | val_loss=1.9816 val_acc=0.250
      ep19 train_loss=0.8419 train_acc=0.920 | val_loss=2.3595 val_acc=0.250
      ep20 train_loss=0.8423 train_acc=0.912 | val_loss=2.1059 val_acc=0.250
      ep21 train_loss=0.8010 train_acc=0.952 | val_loss=2.0400 val_acc=0.250
      ep22 train_loss=0.8714 train_acc=0.908 | val_loss=2.2459 val_acc=0.500
      ep23 train_loss=0.7985 train_acc=0.936 | val_loss=2.1537 val_acc=0.500
      ep24 train_loss=0.7850 train_acc=0.948 | val_loss=2.0056 val_acc=0.500
    fold acc=0.500 time=239.2s | running pooled acc=0.674

--- Fold 17/26 | test sub17 (36 test, 218 train) ---
      ep00 train_loss=1.9023 train_acc=0.326 | val_loss=1.2629 val_acc=0.667
      ep01 train_loss=1.6036 train_acc=0.528 | val_loss=0.9986 val_acc=0.722
      ep02 train_loss=1.4053 train_acc=0.573 | val_loss=1.0902 val_acc=0.500
      ep03 train_loss=1.3553 train_acc=0.628 | val_loss=0.9269 val_acc=0.611
      ep04 train_loss=1.2669 train_acc=0.693 | val_loss=0.8355 val_acc=0.722
      ep05 train_loss=1.3516 train_acc=0.624 | val_loss=1.0240 val_acc=0.667
      ep06 train_loss=1.2305 train_acc=0.743 | val_loss=0.9254 val_acc=0.694
      ep07 train_loss=1.1717 train_acc=0.720 | val_loss=0.9345 val_acc=0.722
      ep08 train_loss=1.1508 train_acc=0.748 | val_loss=0.9784 val_acc=0.722
      ep09 train_loss=1.0556 train_acc=0.789 | val_loss=0.8220 val_acc=0.694
      ep10 train_loss=1.0206 train_acc=0.844 | val_loss=0.9871 val_acc=0.722
      ep11 train_loss=0.9530 train_acc=0.853 | val_loss=0.9837 val_acc=0.722
      ep12 train_loss=0.9482 train_acc=0.844 | val_loss=0.9389 val_acc=0.750
      ep13 train_loss=0.8853 train_acc=0.917 | val_loss=0.9361 val_acc=0.694
      ep14 train_loss=0.8744 train_acc=0.890 | val_loss=0.8690 val_acc=0.694
      ep15 train_loss=0.8997 train_acc=0.867 | val_loss=1.0115 val_acc=0.667
      ep16 train_loss=0.8410 train_acc=0.904 | val_loss=0.9617 val_acc=0.722
      ep17 train_loss=0.8614 train_acc=0.904 | val_loss=0.9933 val_acc=0.694
      ep18 train_loss=0.8147 train_acc=0.936 | val_loss=1.0376 val_acc=0.722
      ep19 train_loss=0.8133 train_acc=0.922 | val_loss=0.9940 val_acc=0.722
      ep20 train_loss=0.8423 train_acc=0.913 | val_loss=0.9043 val_acc=0.750
      ep21 train_loss=0.8279 train_acc=0.917 | val_loss=0.9225 val_acc=0.722
      ep22 train_loss=0.8051 train_acc=0.945 | val_loss=0.9303 val_acc=0.694
      ep23 train_loss=0.8330 train_acc=0.917 | val_loss=0.9546 val_acc=0.694
      ep24 train_loss=0.8195 train_acc=0.927 | val_loss=0.8893 val_acc=0.694
    fold acc=0.722 time=236.0s | running pooled acc=0.684

--- Fold 18/26 | test sub18 (3 test, 251 train) ---
      ep00 train_loss=1.9024 train_acc=0.327 | val_loss=0.9589 val_acc=1.000
      ep01 train_loss=1.5180 train_acc=0.518 | val_loss=0.5724 val_acc=1.000
      ep02 train_loss=1.4756 train_acc=0.550 | val_loss=0.5237 val_acc=1.000
      ep03 train_loss=1.3436 train_acc=0.598 | val_loss=0.9396 val_acc=1.000
      ep04 train_loss=1.2706 train_acc=0.685 | val_loss=0.5772 val_acc=1.000
      ep05 train_loss=1.3428 train_acc=0.645 | val_loss=0.6488 val_acc=1.000
      ep06 train_loss=1.2522 train_acc=0.737 | val_loss=0.8245 val_acc=1.000
      ep07 train_loss=1.1324 train_acc=0.765 | val_loss=0.6127 val_acc=1.000
      ep08 train_loss=1.0503 train_acc=0.805 | val_loss=0.4892 val_acc=1.000
      ep09 train_loss=1.0426 train_acc=0.777 | val_loss=0.5854 val_acc=1.000
      ep10 train_loss=0.9757 train_acc=0.805 | val_loss=0.6127 val_acc=1.000
      ep11 train_loss=0.9705 train_acc=0.845 | val_loss=0.4493 val_acc=1.000
      ep12 train_loss=0.9176 train_acc=0.884 | val_loss=0.4732 val_acc=1.000
      ep13 train_loss=0.9056 train_acc=0.845 | val_loss=0.4959 val_acc=1.000
      ep14 train_loss=0.9302 train_acc=0.896 | val_loss=0.3585 val_acc=1.000
      ep15 train_loss=0.9077 train_acc=0.892 | val_loss=0.3670 val_acc=1.000
      ep16 train_loss=0.8513 train_acc=0.900 | val_loss=0.4059 val_acc=1.000
      ep17 train_loss=0.8601 train_acc=0.936 | val_loss=0.4980 val_acc=1.000
      ep18 train_loss=0.8423 train_acc=0.920 | val_loss=0.3660 val_acc=1.000
      ep19 train_loss=0.8551 train_acc=0.908 | val_loss=0.3882 val_acc=1.000
      ep20 train_loss=0.8129 train_acc=0.936 | val_loss=0.4477 val_acc=1.000
      ep21 train_loss=0.8471 train_acc=0.920 | val_loss=0.5038 val_acc=1.000
      ep22 train_loss=0.8429 train_acc=0.916 | val_loss=0.4254 val_acc=1.000
      ep23 train_loss=0.8356 train_acc=0.928 | val_loss=0.4415 val_acc=1.000
      ep24 train_loss=0.8297 train_acc=0.916 | val_loss=0.4785 val_acc=1.000
    fold acc=1.000 time=238.9s | running pooled acc=0.689

--- Fold 19/26 | test sub19 (16 test, 238 train) ---
      ep00 train_loss=1.9553 train_acc=0.336 | val_loss=1.4449 val_acc=0.375
      ep01 train_loss=1.7187 train_acc=0.437 | val_loss=1.3254 val_acc=0.312
      ep02 train_loss=1.5561 train_acc=0.555 | val_loss=1.2255 val_acc=0.500
      ep03 train_loss=1.5272 train_acc=0.639 | val_loss=1.1327 val_acc=0.375
      ep04 train_loss=1.4018 train_acc=0.668 | val_loss=1.1443 val_acc=0.562
      ep05 train_loss=1.3275 train_acc=0.693 | val_loss=1.0923 val_acc=0.500
      ep06 train_loss=1.2467 train_acc=0.718 | val_loss=0.9768 val_acc=0.562
      ep07 train_loss=1.1897 train_acc=0.744 | val_loss=1.1196 val_acc=0.438
      ep08 train_loss=1.1461 train_acc=0.735 | val_loss=1.3170 val_acc=0.438
      ep09 train_loss=1.1105 train_acc=0.811 | val_loss=1.0860 val_acc=0.562
      ep10 train_loss=1.0857 train_acc=0.853 | val_loss=1.1895 val_acc=0.438
      ep11 train_loss=1.0359 train_acc=0.857 | val_loss=1.0738 val_acc=0.562
      ep12 train_loss=1.0607 train_acc=0.849 | val_loss=1.2266 val_acc=0.500
      ep13 train_loss=0.9732 train_acc=0.870 | val_loss=1.1656 val_acc=0.500
      ep14 train_loss=0.9724 train_acc=0.861 | val_loss=1.3496 val_acc=0.562
      ep15 train_loss=0.9248 train_acc=0.887 | val_loss=1.3354 val_acc=0.500
      ep16 train_loss=0.9570 train_acc=0.903 | val_loss=1.3091 val_acc=0.500
      ep17 train_loss=0.9252 train_acc=0.920 | val_loss=1.2470 val_acc=0.500
      ep18 train_loss=0.9637 train_acc=0.887 | val_loss=1.3308 val_acc=0.500
      ep19 train_loss=0.8818 train_acc=0.933 | val_loss=1.2710 val_acc=0.500
      ep20 train_loss=0.8837 train_acc=0.945 | val_loss=1.2827 val_acc=0.500
      ep21 train_loss=0.8809 train_acc=0.929 | val_loss=1.3067 val_acc=0.500
      ep22 train_loss=0.9239 train_acc=0.933 | val_loss=1.3291 val_acc=0.438
      ep23 train_loss=0.9012 train_acc=0.929 | val_loss=1.3079 val_acc=0.438
      ep24 train_loss=0.8629 train_acc=0.924 | val_loss=1.2452 val_acc=0.438
    fold acc=0.375 time=236.9s | running pooled acc=0.663

--- Fold 20/26 | test sub20 (11 test, 243 train) ---
      ep00 train_loss=1.9303 train_acc=0.321 | val_loss=1.5959 val_acc=0.455
      ep01 train_loss=1.6097 train_acc=0.481 | val_loss=1.0007 val_acc=0.727
      ep02 train_loss=1.4332 train_acc=0.556 | val_loss=0.9016 val_acc=0.636
      ep03 train_loss=1.3859 train_acc=0.638 | val_loss=0.9250 val_acc=0.727
      ep04 train_loss=1.3092 train_acc=0.642 | val_loss=1.4154 val_acc=0.182
      ep05 train_loss=1.2571 train_acc=0.667 | val_loss=1.1246 val_acc=0.545
      ep06 train_loss=1.1450 train_acc=0.728 | val_loss=1.3018 val_acc=0.364
      ep07 train_loss=1.1617 train_acc=0.728 | val_loss=1.1245 val_acc=0.364
      ep08 train_loss=1.0900 train_acc=0.761 | val_loss=1.2203 val_acc=0.545
      ep09 train_loss=1.0940 train_acc=0.786 | val_loss=1.1588 val_acc=0.364
      ep10 train_loss=1.0705 train_acc=0.770 | val_loss=1.3236 val_acc=0.455
      ep11 train_loss=0.9999 train_acc=0.831 | val_loss=0.8606 val_acc=0.727
      ep12 train_loss=1.0259 train_acc=0.819 | val_loss=1.1501 val_acc=0.636
      ep13 train_loss=0.9295 train_acc=0.872 | val_loss=0.9918 val_acc=0.545
      ep14 train_loss=0.8837 train_acc=0.901 | val_loss=0.9379 val_acc=0.636
      ep15 train_loss=0.8427 train_acc=0.889 | val_loss=0.9275 val_acc=0.727
      ep16 train_loss=0.8867 train_acc=0.889 | val_loss=1.0153 val_acc=0.636
      ep17 train_loss=0.8926 train_acc=0.901 | val_loss=0.9715 val_acc=0.727
      ep18 train_loss=0.8164 train_acc=0.922 | val_loss=0.9980 val_acc=0.727
      ep19 train_loss=0.8230 train_acc=0.926 | val_loss=0.9255 val_acc=0.818
      ep20 train_loss=0.8114 train_acc=0.947 | val_loss=1.0048 val_acc=0.727
      ep21 train_loss=0.8166 train_acc=0.942 | val_loss=0.8889 val_acc=0.818
      ep22 train_loss=0.8044 train_acc=0.914 | val_loss=1.1551 val_acc=0.545
      ep23 train_loss=0.7650 train_acc=0.955 | val_loss=1.0164 val_acc=0.545
      ep24 train_loss=0.7911 train_acc=0.926 | val_loss=0.9872 val_acc=0.727
    fold acc=0.636 time=238.2s | running pooled acc=0.662

--- Fold 21/26 | test sub21 (2 test, 252 train) ---
      ep00 train_loss=1.8500 train_acc=0.321 | val_loss=1.2417 val_acc=1.000
      ep01 train_loss=1.5795 train_acc=0.560 | val_loss=1.2775 val_acc=0.500
      ep02 train_loss=1.4403 train_acc=0.528 | val_loss=1.2500 val_acc=0.500
      ep03 train_loss=1.4266 train_acc=0.599 | val_loss=1.0600 val_acc=0.500
      ep04 train_loss=1.3246 train_acc=0.675 | val_loss=1.7588 val_acc=0.500
      ep05 train_loss=1.2802 train_acc=0.675 | val_loss=1.2520 val_acc=0.500
      ep06 train_loss=1.2444 train_acc=0.710 | val_loss=1.9988 val_acc=0.500
      ep07 train_loss=1.2549 train_acc=0.726 | val_loss=1.4896 val_acc=0.500
      ep08 train_loss=1.0967 train_acc=0.778 | val_loss=1.4060 val_acc=0.500
      ep09 train_loss=1.0033 train_acc=0.798 | val_loss=1.6887 val_acc=0.500
      ep10 train_loss=0.9569 train_acc=0.849 | val_loss=1.6734 val_acc=0.500
      ep11 train_loss=0.9764 train_acc=0.829 | val_loss=1.4021 val_acc=0.500
      ep12 train_loss=0.9517 train_acc=0.853 | val_loss=1.5736 val_acc=0.500
      ep13 train_loss=0.9410 train_acc=0.873 | val_loss=1.3885 val_acc=0.500
      ep14 train_loss=0.9564 train_acc=0.885 | val_loss=1.2015 val_acc=0.500
      ep15 train_loss=0.8843 train_acc=0.889 | val_loss=1.5207 val_acc=0.500
      ep16 train_loss=0.8735 train_acc=0.921 | val_loss=1.1348 val_acc=0.500
      ep17 train_loss=0.8110 train_acc=0.940 | val_loss=1.2978 val_acc=0.500
      ep18 train_loss=0.8358 train_acc=0.913 | val_loss=1.2151 val_acc=0.500
      ep19 train_loss=0.8332 train_acc=0.913 | val_loss=1.4784 val_acc=0.500
      ep20 train_loss=0.8523 train_acc=0.925 | val_loss=1.3448 val_acc=0.500
      ep21 train_loss=0.8282 train_acc=0.917 | val_loss=1.4497 val_acc=0.500
      ep22 train_loss=0.8263 train_acc=0.909 | val_loss=1.3757 val_acc=0.500
      ep23 train_loss=0.8523 train_acc=0.929 | val_loss=1.4699 val_acc=0.500
      ep24 train_loss=0.8008 train_acc=0.937 | val_loss=1.4647 val_acc=0.500
    fold acc=0.500 time=238.6s | running pooled acc=0.660

--- Fold 22/26 | test sub22 (2 test, 252 train) ---
      ep00 train_loss=1.8637 train_acc=0.329 | val_loss=1.5926 val_acc=0.000
      ep01 train_loss=1.5940 train_acc=0.575 | val_loss=0.8159 val_acc=1.000
      ep02 train_loss=1.4929 train_acc=0.552 | val_loss=0.8847 val_acc=1.000
      ep03 train_loss=1.4176 train_acc=0.619 | val_loss=0.5683 val_acc=1.000
      ep04 train_loss=1.3664 train_acc=0.663 | val_loss=1.3762 val_acc=0.000
      ep05 train_loss=1.3278 train_acc=0.675 | val_loss=1.1792 val_acc=0.000
      ep06 train_loss=1.2712 train_acc=0.714 | val_loss=0.1779 val_acc=1.000
      ep07 train_loss=1.3042 train_acc=0.671 | val_loss=0.2497 val_acc=1.000
      ep08 train_loss=1.1211 train_acc=0.770 | val_loss=0.0377 val_acc=1.000
      ep09 train_loss=1.0432 train_acc=0.790 | val_loss=0.7412 val_acc=0.500
      ep10 train_loss=0.9848 train_acc=0.845 | val_loss=0.0500 val_acc=1.000
      ep11 train_loss=0.9906 train_acc=0.802 | val_loss=0.2789 val_acc=1.000
      ep12 train_loss=0.9644 train_acc=0.853 | val_loss=0.2924 val_acc=1.000
      ep13 train_loss=0.9647 train_acc=0.853 | val_loss=0.4013 val_acc=1.000
      ep14 train_loss=0.9763 train_acc=0.881 | val_loss=0.3437 val_acc=1.000
      ep15 train_loss=0.9070 train_acc=0.897 | val_loss=0.2836 val_acc=1.000
      ep16 train_loss=0.8891 train_acc=0.905 | val_loss=0.4589 val_acc=1.000
      ep17 train_loss=0.8380 train_acc=0.929 | val_loss=0.0807 val_acc=1.000
      ep18 train_loss=0.8428 train_acc=0.921 | val_loss=0.1247 val_acc=1.000
      ep19 train_loss=0.8558 train_acc=0.917 | val_loss=0.1278 val_acc=1.000
      ep20 train_loss=0.8684 train_acc=0.905 | val_loss=0.1179 val_acc=1.000
      ep21 train_loss=0.8627 train_acc=0.897 | val_loss=0.1619 val_acc=1.000
      ep22 train_loss=0.8401 train_acc=0.937 | val_loss=0.1598 val_acc=1.000
      ep23 train_loss=0.8671 train_acc=0.921 | val_loss=0.1313 val_acc=1.000
      ep24 train_loss=0.8265 train_acc=0.933 | val_loss=0.1313 val_acc=1.000
    fold acc=1.000 time=239.3s | running pooled acc=0.663

--- Fold 23/26 | test sub23 (12 test, 242 train) ---
      ep00 train_loss=1.9034 train_acc=0.360 | val_loss=1.1076 val_acc=0.417
      ep01 train_loss=1.6800 train_acc=0.517 | val_loss=0.7543 val_acc=0.750
      ep02 train_loss=1.5276 train_acc=0.537 | val_loss=0.8769 val_acc=0.583
      ep03 train_loss=1.4553 train_acc=0.595 | val_loss=0.7921 val_acc=0.750
      ep04 train_loss=1.3590 train_acc=0.632 | val_loss=0.9863 val_acc=0.833
      ep05 train_loss=1.3533 train_acc=0.649 | val_loss=0.7484 val_acc=0.833
      ep06 train_loss=1.2097 train_acc=0.723 | val_loss=0.7718 val_acc=0.750
      ep07 train_loss=1.1579 train_acc=0.744 | val_loss=0.7104 val_acc=0.833
      ep08 train_loss=1.2286 train_acc=0.715 | val_loss=0.4062 val_acc=1.000
      ep09 train_loss=1.0934 train_acc=0.760 | val_loss=0.8039 val_acc=0.833
      ep10 train_loss=1.0422 train_acc=0.822 | val_loss=0.8794 val_acc=0.750
      ep11 train_loss=0.9427 train_acc=0.835 | val_loss=0.6162 val_acc=0.833
      ep12 train_loss=0.9536 train_acc=0.851 | val_loss=0.5979 val_acc=0.833
      ep13 train_loss=0.9116 train_acc=0.847 | val_loss=0.5727 val_acc=0.833
      ep14 train_loss=0.9542 train_acc=0.876 | val_loss=0.5484 val_acc=0.833
      ep15 train_loss=0.8952 train_acc=0.880 | val_loss=0.5483 val_acc=0.833
      ep16 train_loss=0.8888 train_acc=0.884 | val_loss=0.7715 val_acc=0.833
      ep17 train_loss=0.9108 train_acc=0.884 | val_loss=0.5573 val_acc=0.833
      ep18 train_loss=0.8963 train_acc=0.888 | val_loss=0.6411 val_acc=0.833
      ep19 train_loss=0.8539 train_acc=0.893 | val_loss=0.7259 val_acc=0.750
      ep20 train_loss=0.8295 train_acc=0.913 | val_loss=0.6730 val_acc=0.750
      ep21 train_loss=0.8676 train_acc=0.917 | val_loss=0.6015 val_acc=0.833
      ep22 train_loss=0.8917 train_acc=0.901 | val_loss=0.6836 val_acc=0.833
      ep23 train_loss=0.8795 train_acc=0.917 | val_loss=0.6522 val_acc=0.750
      ep24 train_loss=0.8444 train_acc=0.913 | val_loss=0.6292 val_acc=0.833
    fold acc=0.833 time=239.3s | running pooled acc=0.673

--- Fold 24/26 | test sub24 (10 test, 244 train) ---
      ep00 train_loss=1.9818 train_acc=0.332 | val_loss=1.5469 val_acc=0.400
      ep01 train_loss=1.6591 train_acc=0.484 | val_loss=1.7451 val_acc=0.200
      ep02 train_loss=1.5150 train_acc=0.561 | val_loss=1.3030 val_acc=0.500
      ep03 train_loss=1.4431 train_acc=0.570 | val_loss=1.3925 val_acc=0.500
      ep04 train_loss=1.2728 train_acc=0.689 | val_loss=1.6976 val_acc=0.400
      ep05 train_loss=1.2778 train_acc=0.664 | val_loss=1.5887 val_acc=0.400
      ep06 train_loss=1.2110 train_acc=0.721 | val_loss=1.4998 val_acc=0.500
      ep07 train_loss=1.1239 train_acc=0.730 | val_loss=1.7341 val_acc=0.400
      ep08 train_loss=1.1818 train_acc=0.734 | val_loss=1.6539 val_acc=0.400
      ep09 train_loss=1.0572 train_acc=0.803 | val_loss=1.8028 val_acc=0.500
      ep10 train_loss=1.0280 train_acc=0.820 | val_loss=1.6631 val_acc=0.500
      ep11 train_loss=1.0121 train_acc=0.852 | val_loss=1.5813 val_acc=0.500
      ep12 train_loss=0.9191 train_acc=0.877 | val_loss=1.6369 val_acc=0.400
      ep13 train_loss=0.9366 train_acc=0.865 | val_loss=1.5664 val_acc=0.500
      ep14 train_loss=0.9215 train_acc=0.893 | val_loss=1.6487 val_acc=0.400
      ep15 train_loss=0.8742 train_acc=0.934 | val_loss=1.5836 val_acc=0.500
      ep16 train_loss=0.8597 train_acc=0.930 | val_loss=1.4871 val_acc=0.500
      ep17 train_loss=0.8221 train_acc=0.951 | val_loss=1.6170 val_acc=0.500
      ep18 train_loss=0.8013 train_acc=0.943 | val_loss=1.5848 val_acc=0.500
      ep19 train_loss=0.8541 train_acc=0.934 | val_loss=1.7264 val_acc=0.500
      ep20 train_loss=0.8580 train_acc=0.951 | val_loss=1.5419 val_acc=0.500
      ep21 train_loss=0.8939 train_acc=0.906 | val_loss=1.6560 val_acc=0.500
      ep22 train_loss=0.8380 train_acc=0.963 | val_loss=1.6295 val_acc=0.400
      ep23 train_loss=0.8695 train_acc=0.943 | val_loss=1.6755 val_acc=0.400
      ep24 train_loss=0.8232 train_acc=0.947 | val_loss=1.7930 val_acc=0.400
    fold acc=0.500 time=238.6s | running pooled acc=0.665

--- Fold 25/26 | test sub25 (7 test, 247 train) ---
      ep00 train_loss=1.8953 train_acc=0.336 | val_loss=1.4019 val_acc=0.429
      ep01 train_loss=1.6154 train_acc=0.498 | val_loss=1.2690 val_acc=0.429
      ep02 train_loss=1.4477 train_acc=0.571 | val_loss=0.9238 val_acc=0.429
      ep03 train_loss=1.4051 train_acc=0.632 | val_loss=0.9121 val_acc=0.571
      ep04 train_loss=1.2909 train_acc=0.692 | val_loss=1.2591 val_acc=0.429
      ep05 train_loss=1.2238 train_acc=0.688 | val_loss=1.0801 val_acc=0.714
      ep06 train_loss=1.1793 train_acc=0.733 | val_loss=0.8480 val_acc=0.714
      ep07 train_loss=1.1323 train_acc=0.769 | val_loss=0.9284 val_acc=0.571
      ep08 train_loss=1.0901 train_acc=0.773 | val_loss=1.2162 val_acc=0.571
      ep09 train_loss=1.0379 train_acc=0.785 | val_loss=1.0484 val_acc=0.571
      ep10 train_loss=1.0416 train_acc=0.810 | val_loss=1.1287 val_acc=0.571
      ep11 train_loss=1.0198 train_acc=0.798 | val_loss=0.8940 val_acc=0.714
      ep12 train_loss=1.0142 train_acc=0.846 | val_loss=0.8320 val_acc=0.714
      ep13 train_loss=0.9350 train_acc=0.842 | val_loss=0.7728 val_acc=0.714
      ep14 train_loss=0.8713 train_acc=0.879 | val_loss=0.8937 val_acc=0.714
      ep15 train_loss=0.8539 train_acc=0.911 | val_loss=0.9485 val_acc=0.714
      ep16 train_loss=0.8864 train_acc=0.903 | val_loss=0.6733 val_acc=0.714
      ep17 train_loss=0.8592 train_acc=0.911 | val_loss=0.8572 val_acc=0.714
      ep18 train_loss=0.7921 train_acc=0.939 | val_loss=0.9584 val_acc=0.714
      ep19 train_loss=0.8486 train_acc=0.919 | val_loss=0.7887 val_acc=0.714
      ep20 train_loss=0.8778 train_acc=0.911 | val_loss=0.9557 val_acc=0.714
      ep21 train_loss=0.8084 train_acc=0.947 | val_loss=0.9340 val_acc=0.714
      ep22 train_loss=0.8306 train_acc=0.919 | val_loss=0.8359 val_acc=0.714
      ep23 train_loss=0.8039 train_acc=0.935 | val_loss=0.7673 val_acc=0.714
      ep24 train_loss=0.8397 train_acc=0.927 | val_loss=0.8795 val_acc=0.714
    fold acc=0.714 time=239.3s | running pooled acc=0.667

--- Fold 26/26 | test sub26 (17 test, 237 train) ---
      ep00 train_loss=1.9520 train_acc=0.266 | val_loss=1.2154 val_acc=0.706
      ep01 train_loss=1.6326 train_acc=0.477 | val_loss=1.0800 val_acc=0.647
      ep02 train_loss=1.4139 train_acc=0.544 | val_loss=1.0668 val_acc=0.471
      ep03 train_loss=1.4402 train_acc=0.557 | val_loss=0.9854 val_acc=0.706
      ep04 train_loss=1.2814 train_acc=0.667 | val_loss=1.1144 val_acc=0.588
      ep05 train_loss=1.2663 train_acc=0.654 | val_loss=1.0517 val_acc=0.647
      ep06 train_loss=1.1516 train_acc=0.722 | val_loss=1.1225 val_acc=0.647
      ep07 train_loss=1.1422 train_acc=0.768 | val_loss=1.0827 val_acc=0.647
      ep08 train_loss=1.1185 train_acc=0.738 | val_loss=1.1282 val_acc=0.706
      ep09 train_loss=1.0312 train_acc=0.785 | val_loss=0.8830 val_acc=0.765
      ep10 train_loss=1.0922 train_acc=0.802 | val_loss=1.0609 val_acc=0.706
      ep11 train_loss=0.9656 train_acc=0.835 | val_loss=0.9497 val_acc=0.765
      ep12 train_loss=0.9339 train_acc=0.878 | val_loss=1.1674 val_acc=0.706
      ep13 train_loss=0.8805 train_acc=0.873 | val_loss=1.1478 val_acc=0.765
      ep14 train_loss=0.8842 train_acc=0.890 | val_loss=1.2079 val_acc=0.647
      ep15 train_loss=0.8821 train_acc=0.886 | val_loss=1.1351 val_acc=0.706
      ep16 train_loss=0.8735 train_acc=0.903 | val_loss=1.1294 val_acc=0.706
      ep17 train_loss=0.8573 train_acc=0.895 | val_loss=1.0721 val_acc=0.706
      ep18 train_loss=0.8283 train_acc=0.924 | val_loss=1.1969 val_acc=0.706
      ep19 train_loss=0.7956 train_acc=0.945 | val_loss=1.2034 val_acc=0.647
      ep20 train_loss=0.8038 train_acc=0.928 | val_loss=1.1420 val_acc=0.706
      ep21 train_loss=0.8048 train_acc=0.937 | val_loss=1.1389 val_acc=0.765
      ep22 train_loss=0.8321 train_acc=0.966 | val_loss=1.1433 val_acc=0.765
      ep23 train_loss=0.8426 train_acc=0.903 | val_loss=1.1925 val_acc=0.647
      ep24 train_loss=0.8396 train_acc=0.937 | val_loss=1.2156 val_acc=0.706
    fold acc=0.706 time=237.3s | running pooled acc=0.669

=== FINAL (pooled LOSO) ===
UF1 = 0.5489
UAR = 0.5524
ACC = 0.6693
per-class F1: obj1=0.553, obj2=0.400, obj3=0.857, obj4=0.490, obj5=0.311, obj7=0.682
per-class recall: obj1=0.520, obj2=0.467, obj3=0.879, obj4=0.462, obj5=0.350, obj7=0.638
confusion matrix (rows=true):
          obj1   obj2   obj3   obj4   obj5   obj7
   obj1     13      0      0      2      0     10
   obj2      0      7      1      0      7      0
   obj3      0      2     87      7      1      2
   obj4      2      0     11     12      1      0
   obj5      0      9      0      0      7      4
   obj7      7      2      5      2      9     44

saved to D:\AI-Projects\casmeII-new-from-sequence-model\experiments\obj6_mc3
elapsed 6213.4s
=== running obj6_focal ===
=== EXPERIMENT obj6_focal ===
time: 2026-07-16T05:35:27.511973
device: cuda (NVIDIA GeForce RTX 3060)
platform: Windows-10-10.0.26200-SP0 | torch 2.6.0+cu124
config:
{
  "seed": 42,
  "T": 16,
  "img_size": 128,
  "base_size": 144,
  "input_mode": "rgb",
  "backbone": "r3d_18",
  "pretrained": true,
  "dropout": 0.5,
  "epochs": 25,
  "lr": 0.0001,
  "weight_decay": 0.001,
  "batch_size": 6,
  "class_weighting": true,
  "label_smoothing": 0.0,
  "hflip": true,
  "color_jitter": 0.0,
  "temporal_jitter": true,
  "amp": true,
  "eval_last_k": 3,
  "tta": 5,
  "cache_dir": "cache/flow144",
  "index": "cache/index_objective.csv",
  "class_names": [
    "obj1",
    "obj2",
    "obj3",
    "obj4",
    "obj5",
    "obj7"
  ],
  "name": "obj6_focal",
  "modality": "flow",
  "temporal_span": "onset_offset",
  "flow_clip": 3.0,
  "manifest_name": "manifest_obj6.csv",
  "loss": "focal",
  "focal_gamma": 2.0
}
samples: 254 | classes: 6 ['obj1', 'obj2', 'obj3', 'obj4', 'obj5', 'obj7']
loading arrays into RAM...
loaded 254 arrays

--- Fold 1/26 | test sub01 (9 test, 245 train) ---
      ep00 train_loss=1.2045 train_acc=0.282 | val_loss=0.8724 val_acc=0.667
      ep01 train_loss=0.7716 train_acc=0.478 | val_loss=0.6955 val_acc=0.778
      ep02 train_loss=0.5698 train_acc=0.584 | val_loss=0.6552 val_acc=0.889
      ep03 train_loss=0.5791 train_acc=0.588 | val_loss=0.5753 val_acc=0.889
      ep04 train_loss=0.4430 train_acc=0.633 | val_loss=0.6040 val_acc=0.889
      ep05 train_loss=0.5075 train_acc=0.657 | val_loss=0.7021 val_acc=0.778
      ep06 train_loss=0.3449 train_acc=0.751 | val_loss=0.5443 val_acc=0.778
      ep07 train_loss=0.2959 train_acc=0.788 | val_loss=0.5918 val_acc=0.667
      ep08 train_loss=0.1979 train_acc=0.824 | val_loss=0.6046 val_acc=0.778
      ep09 train_loss=0.1638 train_acc=0.837 | val_loss=0.5080 val_acc=0.889
      ep10 train_loss=0.2084 train_acc=0.833 | val_loss=0.5586 val_acc=0.778
      ep11 train_loss=0.1483 train_acc=0.820 | val_loss=0.5040 val_acc=0.889
      ep12 train_loss=0.1589 train_acc=0.869 | val_loss=0.6553 val_acc=0.556
      ep13 train_loss=0.1459 train_acc=0.873 | val_loss=0.5587 val_acc=0.778
      ep14 train_loss=0.1245 train_acc=0.882 | val_loss=0.6760 val_acc=0.667
      ep15 train_loss=0.1696 train_acc=0.841 | val_loss=0.6588 val_acc=0.778
      ep16 train_loss=0.0979 train_acc=0.918 | val_loss=0.6251 val_acc=0.667
      ep17 train_loss=0.0464 train_acc=0.963 | val_loss=0.6209 val_acc=0.667
      ep18 train_loss=0.0436 train_acc=0.980 | val_loss=0.5741 val_acc=0.667
      ep19 train_loss=0.0683 train_acc=0.914 | val_loss=0.6052 val_acc=0.667
      ep20 train_loss=0.0676 train_acc=0.963 | val_loss=0.5739 val_acc=0.667
      ep21 train_loss=0.0506 train_acc=0.943 | val_loss=0.5743 val_acc=0.667
      ep22 train_loss=0.0629 train_acc=0.939 | val_loss=0.6068 val_acc=0.667
      ep23 train_loss=0.0535 train_acc=0.963 | val_loss=0.5617 val_acc=0.667
      ep24 train_loss=0.0421 train_acc=0.947 | val_loss=0.6098 val_acc=0.667
    fold acc=0.667 time=233.6s | running pooled acc=0.667

--- Fold 2/26 | test sub02 (13 test, 241 train) ---
      ep00 train_loss=1.3200 train_acc=0.207 | val_loss=1.2906 val_acc=0.615
      ep01 train_loss=0.7550 train_acc=0.440 | val_loss=1.1434 val_acc=0.462
      ep02 train_loss=0.5539 train_acc=0.618 | val_loss=1.2912 val_acc=0.308
      ep03 train_loss=0.4754 train_acc=0.651 | val_loss=1.0019 val_acc=0.385
      ep04 train_loss=0.3711 train_acc=0.718 | val_loss=1.5713 val_acc=0.538
      ep05 train_loss=0.3957 train_acc=0.676 | val_loss=1.2748 val_acc=0.462
      ep06 train_loss=0.2564 train_acc=0.784 | val_loss=0.9287 val_acc=0.692
      ep07 train_loss=0.2196 train_acc=0.776 | val_loss=1.1835 val_acc=0.385
      ep08 train_loss=0.1995 train_acc=0.830 | val_loss=1.0159 val_acc=0.615
      ep09 train_loss=0.2100 train_acc=0.842 | val_loss=1.1510 val_acc=0.462
      ep10 train_loss=0.1805 train_acc=0.838 | val_loss=1.2174 val_acc=0.538
      ep11 train_loss=0.1801 train_acc=0.855 | val_loss=1.2546 val_acc=0.538
      ep12 train_loss=0.1509 train_acc=0.855 | val_loss=1.0786 val_acc=0.692
      ep13 train_loss=0.1597 train_acc=0.855 | val_loss=0.8085 val_acc=0.615
      ep14 train_loss=0.1215 train_acc=0.884 | val_loss=0.8076 val_acc=0.615
      ep15 train_loss=0.1223 train_acc=0.905 | val_loss=1.3014 val_acc=0.538
      ep16 train_loss=0.0986 train_acc=0.892 | val_loss=1.2899 val_acc=0.538
      ep17 train_loss=0.0691 train_acc=0.934 | val_loss=1.0779 val_acc=0.462
      ep18 train_loss=0.0620 train_acc=0.946 | val_loss=1.0724 val_acc=0.538
      ep19 train_loss=0.0355 train_acc=0.967 | val_loss=1.0052 val_acc=0.462
      ep20 train_loss=0.0630 train_acc=0.946 | val_loss=1.0926 val_acc=0.538
      ep21 train_loss=0.0733 train_acc=0.913 | val_loss=1.0898 val_acc=0.538
      ep22 train_loss=0.0489 train_acc=0.942 | val_loss=1.0257 val_acc=0.538
      ep23 train_loss=0.0734 train_acc=0.942 | val_loss=1.0004 val_acc=0.538
      ep24 train_loss=0.0524 train_acc=0.959 | val_loss=1.0801 val_acc=0.538
    fold acc=0.538 time=234.3s | running pooled acc=0.591

--- Fold 3/26 | test sub03 (7 test, 247 train) ---
      ep00 train_loss=1.1635 train_acc=0.243 | val_loss=1.8097 val_acc=0.143
      ep01 train_loss=0.7026 train_acc=0.530 | val_loss=1.3895 val_acc=0.429
      ep02 train_loss=0.5420 train_acc=0.599 | val_loss=2.2581 val_acc=0.000
      ep03 train_loss=0.3973 train_acc=0.680 | val_loss=1.9501 val_acc=0.286
      ep04 train_loss=0.3990 train_acc=0.713 | val_loss=1.9583 val_acc=0.286
      ep05 train_loss=0.3972 train_acc=0.700 | val_loss=1.4576 val_acc=0.429
      ep06 train_loss=0.2459 train_acc=0.785 | val_loss=1.9724 val_acc=0.286
      ep07 train_loss=0.2585 train_acc=0.806 | val_loss=1.6988 val_acc=0.286
      ep08 train_loss=0.2590 train_acc=0.777 | val_loss=2.0889 val_acc=0.286
      ep09 train_loss=0.2002 train_acc=0.830 | val_loss=1.5916 val_acc=0.286
      ep10 train_loss=0.1814 train_acc=0.802 | val_loss=1.9699 val_acc=0.143
      ep11 train_loss=0.1156 train_acc=0.891 | val_loss=1.4884 val_acc=0.429
      ep12 train_loss=0.0999 train_acc=0.911 | val_loss=1.6613 val_acc=0.143
      ep13 train_loss=0.0858 train_acc=0.931 | val_loss=1.8713 val_acc=0.143
      ep14 train_loss=0.0997 train_acc=0.907 | val_loss=1.9061 val_acc=0.286
      ep15 train_loss=0.1127 train_acc=0.899 | val_loss=1.9496 val_acc=0.143
      ep16 train_loss=0.1038 train_acc=0.915 | val_loss=1.4952 val_acc=0.286
      ep17 train_loss=0.0473 train_acc=0.939 | val_loss=1.7653 val_acc=0.286
      ep18 train_loss=0.0472 train_acc=0.935 | val_loss=1.8912 val_acc=0.286
      ep19 train_loss=0.0413 train_acc=0.968 | val_loss=2.1196 val_acc=0.429
      ep20 train_loss=0.0505 train_acc=0.964 | val_loss=1.5016 val_acc=0.571
      ep21 train_loss=0.0480 train_acc=0.943 | val_loss=1.8821 val_acc=0.286
      ep22 train_loss=0.1149 train_acc=0.891 | val_loss=1.9492 val_acc=0.286
      ep23 train_loss=0.0660 train_acc=0.947 | val_loss=1.5763 val_acc=0.429
      ep24 train_loss=0.0643 train_acc=0.931 | val_loss=1.5816 val_acc=0.571
    fold acc=0.429 time=234.2s | running pooled acc=0.552

--- Fold 4/26 | test sub04 (5 test, 249 train) ---
      ep00 train_loss=1.0907 train_acc=0.309 | val_loss=1.6360 val_acc=0.200
      ep01 train_loss=0.7693 train_acc=0.478 | val_loss=1.4766 val_acc=0.200
      ep02 train_loss=0.5931 train_acc=0.598 | val_loss=1.6303 val_acc=0.400
      ep03 train_loss=0.3903 train_acc=0.683 | val_loss=2.0380 val_acc=0.400
      ep04 train_loss=0.4450 train_acc=0.679 | val_loss=1.5807 val_acc=0.600
      ep05 train_loss=0.3278 train_acc=0.719 | val_loss=1.4113 val_acc=0.600
      ep06 train_loss=0.2675 train_acc=0.779 | val_loss=1.2298 val_acc=0.600
      ep07 train_loss=0.3145 train_acc=0.735 | val_loss=1.2872 val_acc=0.400
      ep08 train_loss=0.2179 train_acc=0.815 | val_loss=0.9063 val_acc=0.600
      ep09 train_loss=0.2194 train_acc=0.831 | val_loss=1.0573 val_acc=0.600
      ep10 train_loss=0.1476 train_acc=0.871 | val_loss=0.9820 val_acc=0.600
      ep11 train_loss=0.1468 train_acc=0.880 | val_loss=1.5080 val_acc=0.600
      ep12 train_loss=0.1522 train_acc=0.863 | val_loss=0.8779 val_acc=0.600
      ep13 train_loss=0.0961 train_acc=0.924 | val_loss=1.4195 val_acc=0.600
      ep14 train_loss=0.1406 train_acc=0.904 | val_loss=1.4584 val_acc=0.600
      ep15 train_loss=0.1134 train_acc=0.888 | val_loss=1.4384 val_acc=0.600
      ep16 train_loss=0.0837 train_acc=0.908 | val_loss=1.4402 val_acc=0.400
      ep17 train_loss=0.0523 train_acc=0.964 | val_loss=1.4556 val_acc=0.600
      ep18 train_loss=0.0549 train_acc=0.940 | val_loss=1.3096 val_acc=0.600
      ep19 train_loss=0.0466 train_acc=0.956 | val_loss=1.1643 val_acc=0.600
      ep20 train_loss=0.0603 train_acc=0.940 | val_loss=1.1580 val_acc=0.600
      ep21 train_loss=0.0500 train_acc=0.940 | val_loss=1.3546 val_acc=0.600
      ep22 train_loss=0.0543 train_acc=0.948 | val_loss=0.9833 val_acc=0.600
      ep23 train_loss=0.0633 train_acc=0.928 | val_loss=1.2419 val_acc=0.600
      ep24 train_loss=0.0450 train_acc=0.968 | val_loss=1.4371 val_acc=0.600
    fold acc=0.600 time=234.6s | running pooled acc=0.559

--- Fold 5/26 | test sub05 (19 test, 235 train) ---
      ep00 train_loss=1.3797 train_acc=0.247 | val_loss=1.3348 val_acc=0.526
      ep01 train_loss=0.7471 train_acc=0.485 | val_loss=1.1005 val_acc=0.632
      ep02 train_loss=0.5052 train_acc=0.591 | val_loss=1.2502 val_acc=0.579
      ep03 train_loss=0.4408 train_acc=0.711 | val_loss=1.3335 val_acc=0.632
      ep04 train_loss=0.3458 train_acc=0.685 | val_loss=0.9453 val_acc=0.632
      ep05 train_loss=0.2600 train_acc=0.753 | val_loss=1.0643 val_acc=0.632
      ep06 train_loss=0.2495 train_acc=0.813 | val_loss=0.9584 val_acc=0.684
      ep07 train_loss=0.2113 train_acc=0.838 | val_loss=1.1168 val_acc=0.632
      ep08 train_loss=0.2851 train_acc=0.804 | val_loss=1.4152 val_acc=0.579
      ep09 train_loss=0.2051 train_acc=0.821 | val_loss=1.1014 val_acc=0.684
      ep10 train_loss=0.1823 train_acc=0.809 | val_loss=1.1132 val_acc=0.579
      ep11 train_loss=0.1888 train_acc=0.813 | val_loss=1.1705 val_acc=0.579
      ep12 train_loss=0.1818 train_acc=0.813 | val_loss=1.1099 val_acc=0.632
      ep13 train_loss=0.1301 train_acc=0.898 | val_loss=1.0097 val_acc=0.579
      ep14 train_loss=0.1919 train_acc=0.881 | val_loss=1.3085 val_acc=0.526
      ep15 train_loss=0.1126 train_acc=0.885 | val_loss=1.1560 val_acc=0.632
      ep16 train_loss=0.0821 train_acc=0.915 | val_loss=1.2183 val_acc=0.632
      ep17 train_loss=0.0887 train_acc=0.902 | val_loss=1.1104 val_acc=0.632
      ep18 train_loss=0.0689 train_acc=0.945 | val_loss=0.9640 val_acc=0.632
      ep19 train_loss=0.0542 train_acc=0.932 | val_loss=0.9765 val_acc=0.632
      ep20 train_loss=0.0578 train_acc=0.919 | val_loss=0.9703 val_acc=0.632
      ep21 train_loss=0.0560 train_acc=0.957 | val_loss=0.9051 val_acc=0.737
      ep22 train_loss=0.0688 train_acc=0.949 | val_loss=1.0228 val_acc=0.579
      ep23 train_loss=0.0551 train_acc=0.957 | val_loss=1.0266 val_acc=0.579
      ep24 train_loss=0.0580 train_acc=0.936 | val_loss=1.0032 val_acc=0.579
    fold acc=0.632 time=233.0s | running pooled acc=0.585

--- Fold 6/26 | test sub06 (5 test, 249 train) ---
      ep00 train_loss=1.1762 train_acc=0.261 | val_loss=1.4951 val_acc=0.200
      ep01 train_loss=0.7989 train_acc=0.466 | val_loss=1.3931 val_acc=0.400
      ep02 train_loss=0.5551 train_acc=0.598 | val_loss=1.4642 val_acc=0.400
      ep03 train_loss=0.3942 train_acc=0.699 | val_loss=1.4016 val_acc=0.400
      ep04 train_loss=0.4709 train_acc=0.675 | val_loss=1.0803 val_acc=0.600
      ep05 train_loss=0.3354 train_acc=0.715 | val_loss=1.2725 val_acc=0.800
      ep06 train_loss=0.2775 train_acc=0.763 | val_loss=1.1718 val_acc=0.400
      ep07 train_loss=0.2849 train_acc=0.791 | val_loss=1.3531 val_acc=0.400
      ep08 train_loss=0.2652 train_acc=0.767 | val_loss=0.7391 val_acc=0.600
      ep09 train_loss=0.2236 train_acc=0.799 | val_loss=1.1222 val_acc=0.400
      ep10 train_loss=0.1762 train_acc=0.839 | val_loss=1.0350 val_acc=0.600
      ep11 train_loss=0.1978 train_acc=0.811 | val_loss=1.0404 val_acc=0.600
      ep12 train_loss=0.1557 train_acc=0.839 | val_loss=1.4319 val_acc=0.600
      ep13 train_loss=0.1212 train_acc=0.884 | val_loss=1.2943 val_acc=0.600
      ep14 train_loss=0.1334 train_acc=0.884 | val_loss=1.0970 val_acc=0.600
      ep15 train_loss=0.1414 train_acc=0.884 | val_loss=1.2721 val_acc=0.600
      ep16 train_loss=0.0833 train_acc=0.912 | val_loss=1.1719 val_acc=0.600
      ep17 train_loss=0.0478 train_acc=0.952 | val_loss=1.2674 val_acc=0.600
      ep18 train_loss=0.0578 train_acc=0.952 | val_loss=1.3797 val_acc=0.600
      ep19 train_loss=0.0401 train_acc=0.952 | val_loss=1.2559 val_acc=0.600
      ep20 train_loss=0.0676 train_acc=0.936 | val_loss=1.3182 val_acc=0.600
      ep21 train_loss=0.0785 train_acc=0.920 | val_loss=1.1719 val_acc=0.600
      ep22 train_loss=0.0621 train_acc=0.920 | val_loss=1.2743 val_acc=0.600
      ep23 train_loss=0.0574 train_acc=0.932 | val_loss=1.2125 val_acc=0.600
      ep24 train_loss=0.0514 train_acc=0.944 | val_loss=1.1541 val_acc=0.600
    fold acc=0.600 time=234.6s | running pooled acc=0.586

--- Fold 7/26 | test sub07 (9 test, 245 train) ---
      ep00 train_loss=1.1832 train_acc=0.257 | val_loss=1.4823 val_acc=0.222
      ep01 train_loss=0.8181 train_acc=0.457 | val_loss=1.4612 val_acc=0.333
      ep02 train_loss=0.5092 train_acc=0.600 | val_loss=1.5617 val_acc=0.333
      ep03 train_loss=0.5224 train_acc=0.673 | val_loss=1.5035 val_acc=0.444
      ep04 train_loss=0.4805 train_acc=0.661 | val_loss=1.3927 val_acc=0.444
      ep05 train_loss=0.3781 train_acc=0.735 | val_loss=1.6675 val_acc=0.333
      ep06 train_loss=0.2596 train_acc=0.780 | val_loss=1.3031 val_acc=0.556
      ep07 train_loss=0.2650 train_acc=0.771 | val_loss=1.6644 val_acc=0.222
      ep08 train_loss=0.2388 train_acc=0.816 | val_loss=1.5977 val_acc=0.444
      ep09 train_loss=0.2236 train_acc=0.841 | val_loss=1.5359 val_acc=0.222
      ep10 train_loss=0.1896 train_acc=0.849 | val_loss=1.6439 val_acc=0.222
      ep11 train_loss=0.1461 train_acc=0.869 | val_loss=1.4913 val_acc=0.444
      ep12 train_loss=0.1592 train_acc=0.890 | val_loss=1.6254 val_acc=0.444
      ep13 train_loss=0.1316 train_acc=0.869 | val_loss=1.6700 val_acc=0.556
      ep14 train_loss=0.1100 train_acc=0.882 | val_loss=1.7733 val_acc=0.444
      ep15 train_loss=0.1299 train_acc=0.898 | val_loss=1.7802 val_acc=0.556
      ep16 train_loss=0.0693 train_acc=0.939 | val_loss=1.9054 val_acc=0.444
      ep17 train_loss=0.0747 train_acc=0.935 | val_loss=1.9773 val_acc=0.444
      ep18 train_loss=0.0504 train_acc=0.951 | val_loss=1.9010 val_acc=0.556
      ep19 train_loss=0.0851 train_acc=0.890 | val_loss=1.7491 val_acc=0.444
      ep20 train_loss=0.0480 train_acc=0.967 | val_loss=1.9114 val_acc=0.556
      ep21 train_loss=0.0528 train_acc=0.943 | val_loss=1.8677 val_acc=0.556
      ep22 train_loss=0.0519 train_acc=0.967 | val_loss=1.7164 val_acc=0.444
      ep23 train_loss=0.0586 train_acc=0.963 | val_loss=1.8185 val_acc=0.556
      ep24 train_loss=0.0382 train_acc=0.955 | val_loss=1.8137 val_acc=0.556
    fold acc=0.333 time=234.8s | running pooled acc=0.552

--- Fold 8/26 | test sub08 (3 test, 251 train) ---
      ep00 train_loss=1.2543 train_acc=0.275 | val_loss=0.6422 val_acc=1.000
      ep01 train_loss=0.6981 train_acc=0.542 | val_loss=1.1663 val_acc=0.667
      ep02 train_loss=0.5892 train_acc=0.542 | val_loss=0.9716 val_acc=0.667
      ep03 train_loss=0.3744 train_acc=0.701 | val_loss=0.9686 val_acc=0.333
      ep04 train_loss=0.3719 train_acc=0.737 | val_loss=0.7527 val_acc=0.333
      ep05 train_loss=0.3036 train_acc=0.741 | val_loss=1.1621 val_acc=0.333
      ep06 train_loss=0.2471 train_acc=0.797 | val_loss=0.9432 val_acc=0.667
      ep07 train_loss=0.2131 train_acc=0.813 | val_loss=0.8352 val_acc=0.333
      ep08 train_loss=0.2720 train_acc=0.789 | val_loss=1.1467 val_acc=0.333
      ep09 train_loss=0.1914 train_acc=0.829 | val_loss=0.5043 val_acc=0.667
      ep10 train_loss=0.1829 train_acc=0.865 | val_loss=0.6235 val_acc=0.667
      ep11 train_loss=0.1119 train_acc=0.888 | val_loss=0.7980 val_acc=0.667
      ep12 train_loss=0.1218 train_acc=0.896 | val_loss=0.5559 val_acc=1.000
      ep13 train_loss=0.1228 train_acc=0.884 | val_loss=0.6154 val_acc=0.667
      ep14 train_loss=0.1102 train_acc=0.888 | val_loss=0.7938 val_acc=0.333
      ep15 train_loss=0.0985 train_acc=0.908 | val_loss=0.7286 val_acc=0.667
      ep16 train_loss=0.0486 train_acc=0.964 | val_loss=0.8429 val_acc=0.667
      ep17 train_loss=0.0684 train_acc=0.936 | val_loss=0.5090 val_acc=1.000
      ep18 train_loss=0.0587 train_acc=0.932 | val_loss=0.5031 val_acc=1.000
      ep19 train_loss=0.0508 train_acc=0.952 | val_loss=0.7235 val_acc=0.333
      ep20 train_loss=0.0526 train_acc=0.924 | val_loss=0.6915 val_acc=0.333
      ep21 train_loss=0.0575 train_acc=0.932 | val_loss=0.7975 val_acc=0.333
      ep22 train_loss=0.0550 train_acc=0.948 | val_loss=0.6151 val_acc=0.667
      ep23 train_loss=0.0414 train_acc=0.960 | val_loss=0.5970 val_acc=0.667
      ep24 train_loss=0.0609 train_acc=0.948 | val_loss=0.7068 val_acc=0.333
    fold acc=0.667 time=235.6s | running pooled acc=0.557

--- Fold 9/26 | test sub09 (13 test, 241 train) ---
      ep00 train_loss=1.2792 train_acc=0.245 | val_loss=1.3384 val_acc=0.462
      ep01 train_loss=0.7138 train_acc=0.498 | val_loss=1.1448 val_acc=0.615
      ep02 train_loss=0.5587 train_acc=0.656 | val_loss=0.9215 val_acc=0.769
      ep03 train_loss=0.4870 train_acc=0.627 | val_loss=1.6710 val_acc=0.462
      ep04 train_loss=0.3807 train_acc=0.701 | val_loss=1.4171 val_acc=0.462
      ep05 train_loss=0.3566 train_acc=0.730 | val_loss=0.9099 val_acc=0.538
      ep06 train_loss=0.2547 train_acc=0.788 | val_loss=1.3267 val_acc=0.462
      ep07 train_loss=0.2277 train_acc=0.809 | val_loss=1.0770 val_acc=0.538
      ep08 train_loss=0.2423 train_acc=0.809 | val_loss=1.4053 val_acc=0.462
      ep09 train_loss=0.2155 train_acc=0.822 | val_loss=0.9125 val_acc=0.462
      ep10 train_loss=0.1815 train_acc=0.859 | val_loss=1.0695 val_acc=0.615
      ep11 train_loss=0.1407 train_acc=0.884 | val_loss=1.1480 val_acc=0.538
      ep12 train_loss=0.1097 train_acc=0.884 | val_loss=1.1799 val_acc=0.538
      ep13 train_loss=0.1124 train_acc=0.867 | val_loss=0.8471 val_acc=0.615
      ep14 train_loss=0.1067 train_acc=0.900 | val_loss=0.9442 val_acc=0.462
      ep15 train_loss=0.1810 train_acc=0.896 | val_loss=0.8899 val_acc=0.692
      ep16 train_loss=0.1536 train_acc=0.871 | val_loss=0.8209 val_acc=0.615
      ep17 train_loss=0.0953 train_acc=0.909 | val_loss=0.9559 val_acc=0.615
      ep18 train_loss=0.0613 train_acc=0.929 | val_loss=0.9849 val_acc=0.538
      ep19 train_loss=0.0728 train_acc=0.929 | val_loss=1.0503 val_acc=0.462
      ep20 train_loss=0.0843 train_acc=0.950 | val_loss=1.0535 val_acc=0.462
      ep21 train_loss=0.0720 train_acc=0.921 | val_loss=1.1109 val_acc=0.462
      ep22 train_loss=0.0939 train_acc=0.938 | val_loss=1.1097 val_acc=0.462
      ep23 train_loss=0.0817 train_acc=0.950 | val_loss=1.0512 val_acc=0.538
      ep24 train_loss=0.0696 train_acc=0.929 | val_loss=1.0529 val_acc=0.462
    fold acc=0.615 time=234.9s | running pooled acc=0.566

--- Fold 10/26 | test sub10 (14 test, 240 train) ---
      ep00 train_loss=1.1897 train_acc=0.300 | val_loss=0.4600 val_acc=0.929
      ep01 train_loss=0.7041 train_acc=0.458 | val_loss=1.0121 val_acc=0.786
      ep02 train_loss=0.5285 train_acc=0.600 | val_loss=0.7560 val_acc=0.714
      ep03 train_loss=0.4826 train_acc=0.600 | val_loss=0.5024 val_acc=0.929
      ep04 train_loss=0.4499 train_acc=0.692 | val_loss=0.3538 val_acc=1.000
      ep05 train_loss=0.3504 train_acc=0.667 | val_loss=0.3750 val_acc=0.929
      ep06 train_loss=0.2821 train_acc=0.775 | val_loss=0.4399 val_acc=0.929
      ep07 train_loss=0.2702 train_acc=0.783 | val_loss=0.3605 val_acc=0.929
      ep08 train_loss=0.2199 train_acc=0.804 | val_loss=0.3365 val_acc=0.929
      ep09 train_loss=0.2843 train_acc=0.767 | val_loss=0.3728 val_acc=1.000
      ep10 train_loss=0.2238 train_acc=0.796 | val_loss=0.4411 val_acc=0.929
      ep11 train_loss=0.1524 train_acc=0.842 | val_loss=0.2632 val_acc=1.000
      ep12 train_loss=0.1178 train_acc=0.892 | val_loss=0.2602 val_acc=1.000
      ep13 train_loss=0.0969 train_acc=0.908 | val_loss=0.2607 val_acc=1.000
      ep14 train_loss=0.0762 train_acc=0.912 | val_loss=0.2570 val_acc=1.000
      ep15 train_loss=0.0770 train_acc=0.946 | val_loss=0.2613 val_acc=1.000
      ep16 train_loss=0.1037 train_acc=0.921 | val_loss=0.2934 val_acc=1.000
      ep17 train_loss=0.0469 train_acc=0.950 | val_loss=0.2471 val_acc=1.000
      ep18 train_loss=0.0800 train_acc=0.933 | val_loss=0.2837 val_acc=1.000
      ep19 train_loss=0.0619 train_acc=0.950 | val_loss=0.2568 val_acc=1.000
      ep20 train_loss=0.0616 train_acc=0.954 | val_loss=0.2427 val_acc=1.000
      ep21 train_loss=0.0628 train_acc=0.942 | val_loss=0.2196 val_acc=1.000
      ep22 train_loss=0.0399 train_acc=0.963 | val_loss=0.2603 val_acc=1.000
      ep23 train_loss=0.0684 train_acc=0.925 | val_loss=0.2552 val_acc=1.000
      ep24 train_loss=0.1295 train_acc=0.917 | val_loss=0.2555 val_acc=1.000
    fold acc=1.000 time=234.2s | running pooled acc=0.629

--- Fold 11/26 | test sub11 (10 test, 244 train) ---
      ep00 train_loss=1.1334 train_acc=0.266 | val_loss=1.1080 val_acc=0.600
      ep01 train_loss=0.7275 train_acc=0.480 | val_loss=0.7768 val_acc=0.900
      ep02 train_loss=0.5516 train_acc=0.594 | val_loss=0.3768 val_acc=0.900
      ep03 train_loss=0.5192 train_acc=0.631 | val_loss=0.7268 val_acc=0.700
      ep04 train_loss=0.3533 train_acc=0.697 | val_loss=0.5883 val_acc=0.800
      ep05 train_loss=0.3213 train_acc=0.766 | val_loss=0.5878 val_acc=0.900
      ep06 train_loss=0.3128 train_acc=0.738 | val_loss=0.5427 val_acc=0.800
      ep07 train_loss=0.2879 train_acc=0.758 | val_loss=0.4173 val_acc=1.000
      ep08 train_loss=0.2332 train_acc=0.770 | val_loss=0.5491 val_acc=0.900
      ep09 train_loss=0.1766 train_acc=0.824 | val_loss=0.5173 val_acc=0.800
      ep10 train_loss=0.1942 train_acc=0.816 | val_loss=0.5457 val_acc=0.700
      ep11 train_loss=0.1171 train_acc=0.881 | val_loss=0.6341 val_acc=0.700
      ep12 train_loss=0.1154 train_acc=0.869 | val_loss=0.7298 val_acc=0.700
      ep13 train_loss=0.1249 train_acc=0.873 | val_loss=0.8555 val_acc=0.600
      ep14 train_loss=0.0770 train_acc=0.910 | val_loss=0.4378 val_acc=0.900
      ep15 train_loss=0.0838 train_acc=0.922 | val_loss=0.6958 val_acc=0.800
      ep16 train_loss=0.0673 train_acc=0.943 | val_loss=0.6980 val_acc=0.700
      ep17 train_loss=0.0881 train_acc=0.906 | val_loss=0.6943 val_acc=0.800
      ep18 train_loss=0.0524 train_acc=0.955 | val_loss=0.6374 val_acc=0.800
      ep19 train_loss=0.0587 train_acc=0.943 | val_loss=0.5267 val_acc=0.700
      ep20 train_loss=0.0554 train_acc=0.959 | val_loss=0.6706 val_acc=0.700
      ep21 train_loss=0.0387 train_acc=0.955 | val_loss=0.6510 val_acc=0.700
      ep22 train_loss=0.0519 train_acc=0.934 | val_loss=0.6149 val_acc=0.800
      ep23 train_loss=0.0414 train_acc=0.959 | val_loss=0.6680 val_acc=0.700
      ep24 train_loss=0.0442 train_acc=0.980 | val_loss=0.6785 val_acc=0.700
    fold acc=0.700 time=235.5s | running pooled acc=0.636

--- Fold 12/26 | test sub12 (12 test, 242 train) ---
      ep00 train_loss=1.1726 train_acc=0.343 | val_loss=1.4219 val_acc=0.417
      ep01 train_loss=0.7874 train_acc=0.471 | val_loss=0.9715 val_acc=0.583
      ep02 train_loss=0.6475 train_acc=0.500 | val_loss=0.6716 val_acc=0.583
      ep03 train_loss=0.6296 train_acc=0.587 | val_loss=1.0143 val_acc=0.333
      ep04 train_loss=0.4223 train_acc=0.674 | val_loss=1.0491 val_acc=0.750
      ep05 train_loss=0.3136 train_acc=0.719 | val_loss=1.2884 val_acc=0.333
      ep06 train_loss=0.3670 train_acc=0.719 | val_loss=0.9095 val_acc=0.417
      ep07 train_loss=0.2499 train_acc=0.793 | val_loss=1.2677 val_acc=0.500
      ep08 train_loss=0.2559 train_acc=0.818 | val_loss=1.0939 val_acc=0.417
      ep09 train_loss=0.1725 train_acc=0.847 | val_loss=0.8657 val_acc=0.750
      ep10 train_loss=0.1677 train_acc=0.835 | val_loss=1.1801 val_acc=0.417
      ep11 train_loss=0.1892 train_acc=0.835 | val_loss=1.1036 val_acc=0.417
      ep12 train_loss=0.1796 train_acc=0.822 | val_loss=0.8010 val_acc=0.667
      ep13 train_loss=0.1956 train_acc=0.822 | val_loss=1.4383 val_acc=0.417
      ep14 train_loss=0.1078 train_acc=0.868 | val_loss=1.1020 val_acc=0.500
      ep15 train_loss=0.1172 train_acc=0.893 | val_loss=1.3122 val_acc=0.500
      ep16 train_loss=0.0798 train_acc=0.926 | val_loss=1.4511 val_acc=0.500
      ep17 train_loss=0.0850 train_acc=0.926 | val_loss=1.2878 val_acc=0.417
      ep18 train_loss=0.0357 train_acc=0.955 | val_loss=1.2869 val_acc=0.417
      ep19 train_loss=0.0524 train_acc=0.946 | val_loss=1.2752 val_acc=0.417
      ep20 train_loss=0.0589 train_acc=0.921 | val_loss=1.0726 val_acc=0.417
      ep21 train_loss=0.0464 train_acc=0.946 | val_loss=1.0266 val_acc=0.417
      ep22 train_loss=0.0752 train_acc=0.938 | val_loss=1.0227 val_acc=0.583
      ep23 train_loss=0.0657 train_acc=0.930 | val_loss=1.1064 val_acc=0.500
      ep24 train_loss=0.0654 train_acc=0.921 | val_loss=1.0446 val_acc=0.417
    fold acc=0.500 time=236.7s | running pooled acc=0.622

--- Fold 13/26 | test sub13 (8 test, 246 train) ---
      ep00 train_loss=1.1668 train_acc=0.276 | val_loss=1.0641 val_acc=0.375
      ep01 train_loss=0.7872 train_acc=0.451 | val_loss=0.9755 val_acc=0.625
      ep02 train_loss=0.6157 train_acc=0.618 | val_loss=0.5215 val_acc=0.875
      ep03 train_loss=0.4073 train_acc=0.646 | val_loss=0.7055 val_acc=0.625
      ep04 train_loss=0.3442 train_acc=0.715 | val_loss=0.3941 val_acc=0.875
      ep05 train_loss=0.3364 train_acc=0.728 | val_loss=0.6669 val_acc=0.750
      ep06 train_loss=0.2573 train_acc=0.793 | val_loss=0.6027 val_acc=0.750
      ep07 train_loss=0.2931 train_acc=0.764 | val_loss=0.7209 val_acc=0.750
      ep08 train_loss=0.3093 train_acc=0.699 | val_loss=0.6879 val_acc=0.625
      ep09 train_loss=0.1834 train_acc=0.821 | val_loss=0.7650 val_acc=0.625
      ep10 train_loss=0.1605 train_acc=0.850 | val_loss=0.6805 val_acc=0.750
      ep11 train_loss=0.1392 train_acc=0.878 | val_loss=0.8015 val_acc=0.625
      ep12 train_loss=0.1168 train_acc=0.886 | val_loss=0.4792 val_acc=0.875
      ep13 train_loss=0.0950 train_acc=0.890 | val_loss=0.4071 val_acc=0.875
      ep14 train_loss=0.0661 train_acc=0.915 | val_loss=0.6158 val_acc=0.750
      ep15 train_loss=0.0934 train_acc=0.923 | val_loss=0.6220 val_acc=0.750
      ep16 train_loss=0.0535 train_acc=0.955 | val_loss=0.5414 val_acc=0.750
      ep17 train_loss=0.0550 train_acc=0.947 | val_loss=0.4837 val_acc=0.750
      ep18 train_loss=0.0643 train_acc=0.931 | val_loss=0.4735 val_acc=0.875
      ep19 train_loss=0.0485 train_acc=0.939 | val_loss=0.4615 val_acc=0.750
      ep20 train_loss=0.0439 train_acc=0.955 | val_loss=0.4962 val_acc=0.750
      ep21 train_loss=0.0508 train_acc=0.935 | val_loss=0.5013 val_acc=0.750
      ep22 train_loss=0.1000 train_acc=0.919 | val_loss=0.5508 val_acc=0.750
      ep23 train_loss=0.0614 train_acc=0.935 | val_loss=0.4648 val_acc=0.875
      ep24 train_loss=0.0626 train_acc=0.931 | val_loss=0.4983 val_acc=0.750
    fold acc=0.875 time=236.7s | running pooled acc=0.638

--- Fold 14/26 | test sub14 (4 test, 250 train) ---
      ep00 train_loss=1.2469 train_acc=0.204 | val_loss=1.1585 val_acc=0.500
      ep01 train_loss=0.7168 train_acc=0.480 | val_loss=1.1236 val_acc=0.500
      ep02 train_loss=0.5991 train_acc=0.564 | val_loss=0.9292 val_acc=0.750
      ep03 train_loss=0.5063 train_acc=0.624 | val_loss=1.6117 val_acc=0.000
      ep04 train_loss=0.3753 train_acc=0.680 | val_loss=0.9673 val_acc=0.750
      ep05 train_loss=0.3371 train_acc=0.700 | val_loss=0.7660 val_acc=1.000
      ep06 train_loss=0.2421 train_acc=0.788 | val_loss=1.1534 val_acc=0.750
      ep07 train_loss=0.2426 train_acc=0.812 | val_loss=1.3444 val_acc=0.250
      ep08 train_loss=0.2365 train_acc=0.808 | val_loss=1.0536 val_acc=0.750
      ep09 train_loss=0.1643 train_acc=0.856 | val_loss=0.9140 val_acc=0.500
      ep10 train_loss=0.1762 train_acc=0.860 | val_loss=0.9167 val_acc=0.500
      ep11 train_loss=0.2050 train_acc=0.800 | val_loss=0.9928 val_acc=0.750
      ep12 train_loss=0.2365 train_acc=0.868 | val_loss=0.4691 val_acc=0.750
      ep13 train_loss=0.1453 train_acc=0.884 | val_loss=0.8695 val_acc=0.500
      ep14 train_loss=0.1267 train_acc=0.900 | val_loss=0.8639 val_acc=0.500
      ep15 train_loss=0.0745 train_acc=0.916 | val_loss=0.7671 val_acc=0.750
      ep16 train_loss=0.0671 train_acc=0.932 | val_loss=0.9083 val_acc=0.750
      ep17 train_loss=0.0780 train_acc=0.928 | val_loss=0.7397 val_acc=0.750
      ep18 train_loss=0.0569 train_acc=0.928 | val_loss=0.7745 val_acc=0.500
      ep19 train_loss=0.0575 train_acc=0.948 | val_loss=0.8167 val_acc=0.500
      ep20 train_loss=0.0662 train_acc=0.952 | val_loss=0.7027 val_acc=0.750
      ep21 train_loss=0.0462 train_acc=0.964 | val_loss=0.6733 val_acc=0.750
      ep22 train_loss=0.0612 train_acc=0.944 | val_loss=0.7612 val_acc=0.500
      ep23 train_loss=0.0490 train_acc=0.948 | val_loss=0.7409 val_acc=0.500
      ep24 train_loss=0.0397 train_acc=0.976 | val_loss=0.7493 val_acc=0.500
    fold acc=0.500 time=237.2s | running pooled acc=0.634

--- Fold 15/26 | test sub15 (3 test, 251 train) ---
      ep00 train_loss=1.2835 train_acc=0.271 | val_loss=1.5392 val_acc=0.667
      ep01 train_loss=0.6614 train_acc=0.542 | val_loss=1.5221 val_acc=0.333
      ep02 train_loss=0.5785 train_acc=0.574 | val_loss=0.8498 val_acc=0.667
      ep03 train_loss=0.4401 train_acc=0.657 | val_loss=1.5820 val_acc=0.333
      ep04 train_loss=0.3369 train_acc=0.721 | val_loss=1.3842 val_acc=0.667
      ep05 train_loss=0.3284 train_acc=0.733 | val_loss=1.4119 val_acc=0.333
      ep06 train_loss=0.2355 train_acc=0.805 | val_loss=1.7942 val_acc=0.333
      ep07 train_loss=0.1981 train_acc=0.853 | val_loss=1.9792 val_acc=0.333
      ep08 train_loss=0.2529 train_acc=0.817 | val_loss=2.1500 val_acc=0.000
      ep09 train_loss=0.1762 train_acc=0.841 | val_loss=2.4100 val_acc=0.333
      ep10 train_loss=0.2275 train_acc=0.833 | val_loss=2.0442 val_acc=0.000
      ep11 train_loss=0.1260 train_acc=0.876 | val_loss=1.7341 val_acc=0.333
      ep12 train_loss=0.1537 train_acc=0.873 | val_loss=1.7551 val_acc=0.000
      ep13 train_loss=0.1096 train_acc=0.924 | val_loss=1.4957 val_acc=0.333
      ep14 train_loss=0.1100 train_acc=0.928 | val_loss=1.1345 val_acc=0.667
      ep15 train_loss=0.1150 train_acc=0.888 | val_loss=1.2496 val_acc=0.333
      ep16 train_loss=0.0707 train_acc=0.936 | val_loss=1.0279 val_acc=0.667
      ep17 train_loss=0.0769 train_acc=0.932 | val_loss=1.1261 val_acc=0.333
      ep18 train_loss=0.0410 train_acc=0.940 | val_loss=1.2565 val_acc=0.333
      ep19 train_loss=0.0396 train_acc=0.976 | val_loss=1.3049 val_acc=0.000
      ep20 train_loss=0.0495 train_acc=0.956 | val_loss=1.3446 val_acc=0.000
      ep21 train_loss=0.0791 train_acc=0.936 | val_loss=1.6917 val_acc=0.000
      ep22 train_loss=0.0353 train_acc=0.980 | val_loss=1.3913 val_acc=0.000
      ep23 train_loss=0.0416 train_acc=0.948 | val_loss=1.2193 val_acc=0.333
      ep24 train_loss=0.0683 train_acc=0.928 | val_loss=1.2485 val_acc=0.667
    fold acc=0.333 time=237.6s | running pooled acc=0.627

--- Fold 16/26 | test sub16 (4 test, 250 train) ---
      ep00 train_loss=1.3016 train_acc=0.204 | val_loss=2.3852 val_acc=0.250
      ep01 train_loss=0.7249 train_acc=0.500 | val_loss=2.2656 val_acc=0.250
      ep02 train_loss=0.5541 train_acc=0.584 | val_loss=2.5782 val_acc=0.000
      ep03 train_loss=0.4962 train_acc=0.636 | val_loss=2.9289 val_acc=0.000
      ep04 train_loss=0.3639 train_acc=0.700 | val_loss=2.8650 val_acc=0.250
      ep05 train_loss=0.3400 train_acc=0.716 | val_loss=2.1014 val_acc=0.500
      ep06 train_loss=0.2309 train_acc=0.804 | val_loss=2.3432 val_acc=0.500
      ep07 train_loss=0.2873 train_acc=0.776 | val_loss=2.5786 val_acc=0.500
      ep08 train_loss=0.2125 train_acc=0.800 | val_loss=2.4862 val_acc=0.250
      ep09 train_loss=0.1832 train_acc=0.832 | val_loss=2.9454 val_acc=0.500
      ep10 train_loss=0.1984 train_acc=0.844 | val_loss=3.7027 val_acc=0.500
      ep11 train_loss=0.1966 train_acc=0.824 | val_loss=3.4936 val_acc=0.500
      ep12 train_loss=0.1416 train_acc=0.884 | val_loss=3.5032 val_acc=0.250
      ep13 train_loss=0.1128 train_acc=0.900 | val_loss=3.5039 val_acc=0.500
      ep14 train_loss=0.0954 train_acc=0.928 | val_loss=3.6446 val_acc=0.500
      ep15 train_loss=0.0697 train_acc=0.924 | val_loss=3.3695 val_acc=0.500
      ep16 train_loss=0.0521 train_acc=0.932 | val_loss=3.8005 val_acc=0.500
      ep17 train_loss=0.0673 train_acc=0.940 | val_loss=3.5623 val_acc=0.500
      ep18 train_loss=0.0628 train_acc=0.952 | val_loss=3.9265 val_acc=0.500
      ep19 train_loss=0.0483 train_acc=0.964 | val_loss=3.2877 val_acc=0.500
      ep20 train_loss=0.0486 train_acc=0.952 | val_loss=3.4808 val_acc=0.500
      ep21 train_loss=0.0360 train_acc=0.972 | val_loss=3.1475 val_acc=0.500
      ep22 train_loss=0.0809 train_acc=0.932 | val_loss=3.3151 val_acc=0.500
      ep23 train_loss=0.0548 train_acc=0.956 | val_loss=3.6068 val_acc=0.500
      ep24 train_loss=0.0317 train_acc=0.976 | val_loss=3.5018 val_acc=0.500
    fold acc=0.500 time=238.0s | running pooled acc=0.623

--- Fold 17/26 | test sub17 (36 test, 218 train) ---
      ep00 train_loss=1.2106 train_acc=0.243 | val_loss=1.3150 val_acc=0.500
      ep01 train_loss=0.7543 train_acc=0.450 | val_loss=1.1276 val_acc=0.556
      ep02 train_loss=0.6660 train_acc=0.578 | val_loss=0.9465 val_acc=0.500
      ep03 train_loss=0.5925 train_acc=0.633 | val_loss=1.1512 val_acc=0.444
      ep04 train_loss=0.4059 train_acc=0.688 | val_loss=1.0760 val_acc=0.583
      ep05 train_loss=0.3459 train_acc=0.752 | val_loss=0.9851 val_acc=0.611
      ep06 train_loss=0.2638 train_acc=0.771 | val_loss=1.0793 val_acc=0.639
      ep07 train_loss=0.2671 train_acc=0.789 | val_loss=0.9878 val_acc=0.611
      ep08 train_loss=0.2356 train_acc=0.798 | val_loss=0.9596 val_acc=0.639
      ep09 train_loss=0.2238 train_acc=0.830 | val_loss=0.9283 val_acc=0.667
      ep10 train_loss=0.1823 train_acc=0.844 | val_loss=0.9310 val_acc=0.667
      ep11 train_loss=0.1744 train_acc=0.858 | val_loss=1.0088 val_acc=0.667
      ep12 train_loss=0.1354 train_acc=0.862 | val_loss=0.9450 val_acc=0.694
      ep13 train_loss=0.1104 train_acc=0.904 | val_loss=0.8846 val_acc=0.722
      ep14 train_loss=0.0908 train_acc=0.904 | val_loss=0.8825 val_acc=0.667
      ep15 train_loss=0.1223 train_acc=0.894 | val_loss=0.9761 val_acc=0.583
      ep16 train_loss=0.0844 train_acc=0.917 | val_loss=0.9661 val_acc=0.639
      ep17 train_loss=0.0751 train_acc=0.917 | val_loss=0.9239 val_acc=0.639
      ep18 train_loss=0.0780 train_acc=0.931 | val_loss=0.8717 val_acc=0.639
      ep19 train_loss=0.0654 train_acc=0.963 | val_loss=0.9029 val_acc=0.667
      ep20 train_loss=0.0325 train_acc=0.982 | val_loss=0.9348 val_acc=0.667
      ep21 train_loss=0.0713 train_acc=0.940 | val_loss=0.9241 val_acc=0.611
      ep22 train_loss=0.0778 train_acc=0.917 | val_loss=0.9633 val_acc=0.583
      ep23 train_loss=0.0690 train_acc=0.959 | val_loss=0.9288 val_acc=0.639
      ep24 train_loss=0.0541 train_acc=0.931 | val_loss=0.8950 val_acc=0.639
    fold acc=0.694 time=235.4s | running pooled acc=0.638

--- Fold 18/26 | test sub18 (3 test, 251 train) ---
      ep00 train_loss=1.2863 train_acc=0.247 | val_loss=0.9606 val_acc=1.000
      ep01 train_loss=0.7611 train_acc=0.474 | val_loss=0.7781 val_acc=1.000
      ep02 train_loss=0.5776 train_acc=0.578 | val_loss=0.8052 val_acc=0.667
      ep03 train_loss=0.4510 train_acc=0.657 | val_loss=1.0719 val_acc=0.667
      ep04 train_loss=0.3130 train_acc=0.725 | val_loss=0.4904 val_acc=1.000
      ep05 train_loss=0.3071 train_acc=0.721 | val_loss=0.6250 val_acc=1.000
      ep06 train_loss=0.2650 train_acc=0.753 | val_loss=0.9805 val_acc=0.667
      ep07 train_loss=0.2617 train_acc=0.785 | val_loss=0.6835 val_acc=1.000
      ep08 train_loss=0.3051 train_acc=0.757 | val_loss=0.6462 val_acc=1.000
      ep09 train_loss=0.2026 train_acc=0.785 | val_loss=0.3108 val_acc=1.000
      ep10 train_loss=0.2335 train_acc=0.857 | val_loss=0.8416 val_acc=0.667
      ep11 train_loss=0.1465 train_acc=0.849 | val_loss=0.5056 val_acc=1.000
      ep12 train_loss=0.1348 train_acc=0.896 | val_loss=0.6217 val_acc=1.000
      ep13 train_loss=0.1119 train_acc=0.896 | val_loss=0.5703 val_acc=1.000
      ep14 train_loss=0.0934 train_acc=0.948 | val_loss=0.2737 val_acc=1.000
      ep15 train_loss=0.1155 train_acc=0.873 | val_loss=0.3781 val_acc=1.000
      ep16 train_loss=0.0720 train_acc=0.896 | val_loss=0.3496 val_acc=1.000
      ep17 train_loss=0.0550 train_acc=0.952 | val_loss=0.2608 val_acc=1.000
      ep18 train_loss=0.0437 train_acc=0.956 | val_loss=0.2722 val_acc=1.000
      ep19 train_loss=0.0486 train_acc=0.944 | val_loss=0.2869 val_acc=1.000
      ep20 train_loss=0.0612 train_acc=0.944 | val_loss=0.3402 val_acc=1.000
      ep21 train_loss=0.0659 train_acc=0.932 | val_loss=0.3780 val_acc=1.000
      ep22 train_loss=0.0358 train_acc=0.964 | val_loss=0.2707 val_acc=1.000
      ep23 train_loss=0.0499 train_acc=0.968 | val_loss=0.3440 val_acc=1.000
      ep24 train_loss=0.0755 train_acc=0.944 | val_loss=0.2956 val_acc=1.000
    fold acc=1.000 time=238.6s | running pooled acc=0.644

--- Fold 19/26 | test sub19 (16 test, 238 train) ---
      ep00 train_loss=1.1892 train_acc=0.235 | val_loss=1.3525 val_acc=0.500
      ep01 train_loss=0.7251 train_acc=0.521 | val_loss=1.2502 val_acc=0.438
      ep02 train_loss=0.6016 train_acc=0.597 | val_loss=1.1729 val_acc=0.562
      ep03 train_loss=0.5248 train_acc=0.630 | val_loss=1.0551 val_acc=0.500
      ep04 train_loss=0.3503 train_acc=0.702 | val_loss=1.2503 val_acc=0.438
      ep05 train_loss=0.3060 train_acc=0.735 | val_loss=0.9978 val_acc=0.562
      ep06 train_loss=0.2552 train_acc=0.782 | val_loss=1.0659 val_acc=0.438
      ep07 train_loss=0.2899 train_acc=0.782 | val_loss=1.2066 val_acc=0.312
      ep08 train_loss=0.2577 train_acc=0.777 | val_loss=1.0547 val_acc=0.625
      ep09 train_loss=0.1638 train_acc=0.845 | val_loss=1.0544 val_acc=0.438
      ep10 train_loss=0.1676 train_acc=0.861 | val_loss=1.1612 val_acc=0.562
      ep11 train_loss=0.1617 train_acc=0.853 | val_loss=1.1953 val_acc=0.500
      ep12 train_loss=0.1029 train_acc=0.887 | val_loss=1.1234 val_acc=0.562
      ep13 train_loss=0.0851 train_acc=0.920 | val_loss=0.9695 val_acc=0.562
      ep14 train_loss=0.0892 train_acc=0.916 | val_loss=1.0910 val_acc=0.438
      ep15 train_loss=0.0518 train_acc=0.945 | val_loss=1.2175 val_acc=0.500
      ep16 train_loss=0.0893 train_acc=0.920 | val_loss=1.1840 val_acc=0.562
      ep17 train_loss=0.1109 train_acc=0.878 | val_loss=1.2681 val_acc=0.500
      ep18 train_loss=0.0580 train_acc=0.941 | val_loss=1.1721 val_acc=0.438
      ep19 train_loss=0.0476 train_acc=0.966 | val_loss=1.2391 val_acc=0.438
      ep20 train_loss=0.1215 train_acc=0.929 | val_loss=1.2564 val_acc=0.438
      ep21 train_loss=0.0478 train_acc=0.945 | val_loss=1.1846 val_acc=0.438
      ep22 train_loss=0.0634 train_acc=0.945 | val_loss=1.1538 val_acc=0.438
      ep23 train_loss=0.1070 train_acc=0.920 | val_loss=1.2409 val_acc=0.438
      ep24 train_loss=0.0434 train_acc=0.941 | val_loss=1.1900 val_acc=0.438
    fold acc=0.375 time=237.3s | running pooled acc=0.622

--- Fold 20/26 | test sub20 (11 test, 243 train) ---
      ep00 train_loss=1.1776 train_acc=0.284 | val_loss=1.0890 val_acc=0.727
      ep01 train_loss=0.6787 train_acc=0.531 | val_loss=0.8368 val_acc=0.545
      ep02 train_loss=0.5574 train_acc=0.613 | val_loss=1.2773 val_acc=0.455
      ep03 train_loss=0.4593 train_acc=0.687 | val_loss=1.0309 val_acc=0.545
      ep04 train_loss=0.3727 train_acc=0.708 | val_loss=1.0702 val_acc=0.636
      ep05 train_loss=0.3109 train_acc=0.778 | val_loss=1.5166 val_acc=0.364
      ep06 train_loss=0.3275 train_acc=0.720 | val_loss=1.0678 val_acc=0.636
      ep07 train_loss=0.2773 train_acc=0.770 | val_loss=0.8252 val_acc=0.636
      ep08 train_loss=0.2599 train_acc=0.790 | val_loss=1.1864 val_acc=0.455
      ep09 train_loss=0.1579 train_acc=0.868 | val_loss=1.0107 val_acc=0.636
      ep10 train_loss=0.1684 train_acc=0.844 | val_loss=1.1914 val_acc=0.545
      ep11 train_loss=0.1366 train_acc=0.856 | val_loss=0.9840 val_acc=0.545
      ep12 train_loss=0.0833 train_acc=0.909 | val_loss=1.0528 val_acc=0.727
      ep13 train_loss=0.1080 train_acc=0.889 | val_loss=0.5128 val_acc=0.636
      ep14 train_loss=0.0669 train_acc=0.942 | val_loss=0.6197 val_acc=0.636
      ep15 train_loss=0.0759 train_acc=0.955 | val_loss=0.8116 val_acc=0.545
      ep16 train_loss=0.0786 train_acc=0.967 | val_loss=0.8277 val_acc=0.545
      ep17 train_loss=0.0804 train_acc=0.922 | val_loss=0.6744 val_acc=0.636
      ep18 train_loss=0.0548 train_acc=0.938 | val_loss=0.6224 val_acc=0.727
      ep19 train_loss=0.0607 train_acc=0.979 | val_loss=0.7576 val_acc=0.636
      ep20 train_loss=0.0390 train_acc=0.979 | val_loss=0.7835 val_acc=0.727
      ep21 train_loss=0.0594 train_acc=0.947 | val_loss=0.5812 val_acc=0.636
      ep22 train_loss=0.0480 train_acc=0.938 | val_loss=0.8530 val_acc=0.636
      ep23 train_loss=0.0381 train_acc=0.951 | val_loss=0.6553 val_acc=0.636
      ep24 train_loss=0.0384 train_acc=0.959 | val_loss=0.8583 val_acc=0.636
    fold acc=0.727 time=237.8s | running pooled acc=0.627

--- Fold 21/26 | test sub21 (2 test, 252 train) ---
      ep00 train_loss=1.2563 train_acc=0.250 | val_loss=1.3163 val_acc=0.500
      ep01 train_loss=0.7640 train_acc=0.488 | val_loss=1.2902 val_acc=0.500
      ep02 train_loss=0.6012 train_acc=0.571 | val_loss=0.9513 val_acc=0.500
      ep03 train_loss=0.4506 train_acc=0.702 | val_loss=1.2138 val_acc=0.500
      ep04 train_loss=0.4102 train_acc=0.631 | val_loss=2.0384 val_acc=0.500
      ep05 train_loss=0.3660 train_acc=0.714 | val_loss=0.7916 val_acc=0.500
      ep06 train_loss=0.3262 train_acc=0.722 | val_loss=1.3969 val_acc=0.500
      ep07 train_loss=0.1916 train_acc=0.821 | val_loss=1.6225 val_acc=0.500
      ep08 train_loss=0.2224 train_acc=0.806 | val_loss=1.7784 val_acc=0.500
      ep09 train_loss=0.1984 train_acc=0.813 | val_loss=1.6703 val_acc=0.500
      ep10 train_loss=0.1989 train_acc=0.798 | val_loss=1.5996 val_acc=0.500
      ep11 train_loss=0.1368 train_acc=0.869 | val_loss=1.4900 val_acc=0.500
      ep12 train_loss=0.1245 train_acc=0.853 | val_loss=2.1810 val_acc=0.500
      ep13 train_loss=0.1196 train_acc=0.885 | val_loss=2.2364 val_acc=0.500
      ep14 train_loss=0.0897 train_acc=0.909 | val_loss=2.3802 val_acc=0.500
      ep15 train_loss=0.1055 train_acc=0.893 | val_loss=2.3884 val_acc=0.500
      ep16 train_loss=0.1153 train_acc=0.905 | val_loss=1.9046 val_acc=0.500
      ep17 train_loss=0.0695 train_acc=0.940 | val_loss=2.0748 val_acc=0.500
      ep18 train_loss=0.0676 train_acc=0.933 | val_loss=2.0070 val_acc=0.500
      ep19 train_loss=0.0762 train_acc=0.905 | val_loss=2.4241 val_acc=0.500
      ep20 train_loss=0.0794 train_acc=0.937 | val_loss=2.3420 val_acc=0.500
      ep21 train_loss=0.0518 train_acc=0.952 | val_loss=2.2037 val_acc=0.500
      ep22 train_loss=0.0595 train_acc=0.952 | val_loss=2.2575 val_acc=0.500
      ep23 train_loss=0.0786 train_acc=0.940 | val_loss=2.1421 val_acc=0.500
      ep24 train_loss=0.0685 train_acc=0.933 | val_loss=2.2370 val_acc=0.500
    fold acc=0.500 time=238.7s | running pooled acc=0.626

--- Fold 22/26 | test sub22 (2 test, 252 train) ---
      ep00 train_loss=1.2605 train_acc=0.246 | val_loss=1.4929 val_acc=0.000
      ep01 train_loss=0.7833 train_acc=0.484 | val_loss=0.7837 val_acc=1.000
      ep02 train_loss=0.6077 train_acc=0.552 | val_loss=0.7775 val_acc=1.000
      ep03 train_loss=0.4864 train_acc=0.687 | val_loss=1.1958 val_acc=0.000
      ep04 train_loss=0.4135 train_acc=0.631 | val_loss=0.6978 val_acc=1.000
      ep05 train_loss=0.3441 train_acc=0.671 | val_loss=0.5533 val_acc=1.000
      ep06 train_loss=0.3529 train_acc=0.706 | val_loss=1.9430 val_acc=0.000
      ep07 train_loss=0.1923 train_acc=0.817 | val_loss=0.3122 val_acc=1.000
      ep08 train_loss=0.1988 train_acc=0.817 | val_loss=0.6982 val_acc=1.000
      ep09 train_loss=0.1671 train_acc=0.833 | val_loss=0.3807 val_acc=1.000
      ep10 train_loss=0.1769 train_acc=0.825 | val_loss=0.7319 val_acc=1.000
      ep11 train_loss=0.1120 train_acc=0.909 | val_loss=0.2513 val_acc=1.000
      ep12 train_loss=0.1670 train_acc=0.857 | val_loss=0.3760 val_acc=1.000
      ep13 train_loss=0.1300 train_acc=0.861 | val_loss=0.5791 val_acc=1.000
      ep14 train_loss=0.0937 train_acc=0.913 | val_loss=0.3479 val_acc=1.000
      ep15 train_loss=0.1159 train_acc=0.889 | val_loss=0.2157 val_acc=1.000
      ep16 train_loss=0.1257 train_acc=0.897 | val_loss=0.1100 val_acc=1.000
      ep17 train_loss=0.0763 train_acc=0.937 | val_loss=0.2196 val_acc=1.000
      ep18 train_loss=0.0617 train_acc=0.948 | val_loss=0.1878 val_acc=1.000
      ep19 train_loss=0.0766 train_acc=0.921 | val_loss=0.1570 val_acc=1.000
      ep20 train_loss=0.0843 train_acc=0.925 | val_loss=0.2330 val_acc=1.000
      ep21 train_loss=0.0551 train_acc=0.956 | val_loss=0.1415 val_acc=1.000
      ep22 train_loss=0.0599 train_acc=0.944 | val_loss=0.1752 val_acc=1.000
      ep23 train_loss=0.0704 train_acc=0.940 | val_loss=0.2141 val_acc=1.000
      ep24 train_loss=0.0543 train_acc=0.956 | val_loss=0.2283 val_acc=1.000
    fold acc=1.000 time=238.9s | running pooled acc=0.630

--- Fold 23/26 | test sub23 (12 test, 242 train) ---
      ep00 train_loss=1.0530 train_acc=0.310 | val_loss=1.1016 val_acc=0.417
      ep01 train_loss=0.7263 train_acc=0.488 | val_loss=1.1351 val_acc=0.667
      ep02 train_loss=0.5900 train_acc=0.554 | val_loss=0.7929 val_acc=0.750
      ep03 train_loss=0.5499 train_acc=0.616 | val_loss=0.5610 val_acc=0.833
      ep04 train_loss=0.4616 train_acc=0.657 | val_loss=0.7977 val_acc=0.667
      ep05 train_loss=0.3101 train_acc=0.769 | val_loss=0.7611 val_acc=0.750
      ep06 train_loss=0.3168 train_acc=0.756 | val_loss=0.5105 val_acc=0.917
      ep07 train_loss=0.2491 train_acc=0.781 | val_loss=0.7854 val_acc=0.750
      ep08 train_loss=0.2271 train_acc=0.806 | val_loss=0.6613 val_acc=0.750
      ep09 train_loss=0.1949 train_acc=0.814 | val_loss=1.0248 val_acc=0.750
      ep10 train_loss=0.1969 train_acc=0.855 | val_loss=0.9608 val_acc=0.667
      ep11 train_loss=0.2088 train_acc=0.851 | val_loss=0.8317 val_acc=0.667
      ep12 train_loss=0.2069 train_acc=0.839 | val_loss=0.7285 val_acc=0.750
      ep13 train_loss=0.1824 train_acc=0.835 | val_loss=1.0486 val_acc=0.667
      ep14 train_loss=0.0963 train_acc=0.888 | val_loss=0.8918 val_acc=0.750
      ep15 train_loss=0.1060 train_acc=0.893 | val_loss=0.9997 val_acc=0.500
      ep16 train_loss=0.0688 train_acc=0.917 | val_loss=0.9742 val_acc=0.583
      ep17 train_loss=0.0918 train_acc=0.917 | val_loss=0.8497 val_acc=0.750
      ep18 train_loss=0.0713 train_acc=0.934 | val_loss=0.9720 val_acc=0.583
      ep19 train_loss=0.0577 train_acc=0.946 | val_loss=0.8414 val_acc=0.583
      ep20 train_loss=0.0560 train_acc=0.938 | val_loss=0.9738 val_acc=0.667
      ep21 train_loss=0.0616 train_acc=0.955 | val_loss=0.8789 val_acc=0.667
      ep22 train_loss=0.0788 train_acc=0.934 | val_loss=0.8983 val_acc=0.667
      ep23 train_loss=0.0663 train_acc=0.942 | val_loss=1.0013 val_acc=0.583
      ep24 train_loss=0.0719 train_acc=0.926 | val_loss=0.8694 val_acc=0.667
    fold acc=0.583 time=237.2s | running pooled acc=0.627

--- Fold 24/26 | test sub24 (10 test, 244 train) ---
      ep00 train_loss=1.1119 train_acc=0.311 | val_loss=1.6753 val_acc=0.500
      ep01 train_loss=0.6995 train_acc=0.508 | val_loss=1.4414 val_acc=0.300
      ep02 train_loss=0.5066 train_acc=0.643 | val_loss=1.4186 val_acc=0.400
      ep03 train_loss=0.4343 train_acc=0.668 | val_loss=1.1416 val_acc=0.500
      ep04 train_loss=0.3686 train_acc=0.680 | val_loss=1.4522 val_acc=0.400
      ep05 train_loss=0.3071 train_acc=0.803 | val_loss=1.1396 val_acc=0.500
      ep06 train_loss=0.3417 train_acc=0.725 | val_loss=1.3254 val_acc=0.400
      ep07 train_loss=0.2921 train_acc=0.742 | val_loss=1.1285 val_acc=0.500
      ep08 train_loss=0.2900 train_acc=0.734 | val_loss=1.2384 val_acc=0.600
      ep09 train_loss=0.1698 train_acc=0.844 | val_loss=1.0087 val_acc=0.600
      ep10 train_loss=0.1442 train_acc=0.844 | val_loss=0.9830 val_acc=0.500
      ep11 train_loss=0.0906 train_acc=0.898 | val_loss=0.9799 val_acc=0.700
      ep12 train_loss=0.1476 train_acc=0.885 | val_loss=1.1987 val_acc=0.500
      ep13 train_loss=0.1136 train_acc=0.902 | val_loss=1.2325 val_acc=0.500
      ep14 train_loss=0.0979 train_acc=0.930 | val_loss=1.0339 val_acc=0.500
      ep15 train_loss=0.0693 train_acc=0.922 | val_loss=1.0684 val_acc=0.600
      ep16 train_loss=0.0801 train_acc=0.922 | val_loss=1.1084 val_acc=0.600
      ep17 train_loss=0.0708 train_acc=0.910 | val_loss=1.0260 val_acc=0.700
      ep18 train_loss=0.0718 train_acc=0.955 | val_loss=0.9026 val_acc=0.600
      ep19 train_loss=0.0504 train_acc=0.955 | val_loss=0.9736 val_acc=0.700
      ep20 train_loss=0.0562 train_acc=0.955 | val_loss=1.0848 val_acc=0.600
      ep21 train_loss=0.0465 train_acc=0.947 | val_loss=1.0217 val_acc=0.600
      ep22 train_loss=0.0575 train_acc=0.939 | val_loss=1.0258 val_acc=0.700
      ep23 train_loss=0.0471 train_acc=0.959 | val_loss=1.0106 val_acc=0.600
      ep24 train_loss=0.0299 train_acc=0.971 | val_loss=1.0204 val_acc=0.700
    fold acc=0.500 time=237.8s | running pooled acc=0.622

--- Fold 25/26 | test sub25 (7 test, 247 train) ---
      ep00 train_loss=1.2998 train_acc=0.279 | val_loss=1.5098 val_acc=0.286
      ep01 train_loss=0.7866 train_acc=0.445 | val_loss=1.4581 val_acc=0.286
      ep02 train_loss=0.6341 train_acc=0.567 | val_loss=1.0188 val_acc=0.571
      ep03 train_loss=0.5140 train_acc=0.632 | val_loss=0.9552 val_acc=0.429
      ep04 train_loss=0.4179 train_acc=0.632 | val_loss=0.8901 val_acc=0.571
      ep05 train_loss=0.3746 train_acc=0.713 | val_loss=1.0842 val_acc=0.429
      ep06 train_loss=0.2992 train_acc=0.733 | val_loss=1.4020 val_acc=0.286
      ep07 train_loss=0.2941 train_acc=0.757 | val_loss=1.0192 val_acc=0.571
      ep08 train_loss=0.3198 train_acc=0.737 | val_loss=1.0337 val_acc=0.714
      ep09 train_loss=0.2295 train_acc=0.794 | val_loss=1.0870 val_acc=0.571
      ep10 train_loss=0.2193 train_acc=0.806 | val_loss=1.0050 val_acc=0.571
      ep11 train_loss=0.2156 train_acc=0.822 | val_loss=0.9445 val_acc=0.714
      ep12 train_loss=0.1354 train_acc=0.858 | val_loss=0.8001 val_acc=0.571
      ep13 train_loss=0.1191 train_acc=0.915 | val_loss=1.2550 val_acc=0.571
      ep14 train_loss=0.1682 train_acc=0.850 | val_loss=0.9487 val_acc=0.714
      ep15 train_loss=0.1017 train_acc=0.915 | val_loss=1.0453 val_acc=0.714
      ep16 train_loss=0.1031 train_acc=0.915 | val_loss=1.0441 val_acc=0.714
      ep17 train_loss=0.0980 train_acc=0.874 | val_loss=1.0020 val_acc=0.714
      ep18 train_loss=0.0458 train_acc=0.939 | val_loss=0.9591 val_acc=0.571
      ep19 train_loss=0.0591 train_acc=0.943 | val_loss=0.9172 val_acc=0.571
      ep20 train_loss=0.0562 train_acc=0.943 | val_loss=0.9653 val_acc=0.571
      ep21 train_loss=0.0459 train_acc=0.951 | val_loss=0.9062 val_acc=0.571
      ep22 train_loss=0.0961 train_acc=0.931 | val_loss=0.9552 val_acc=0.571
      ep23 train_loss=0.0979 train_acc=0.931 | val_loss=1.1145 val_acc=0.571
      ep24 train_loss=0.0455 train_acc=0.960 | val_loss=1.0904 val_acc=0.571
    fold acc=0.571 time=238.0s | running pooled acc=0.620

--- Fold 26/26 | test sub26 (17 test, 237 train) ---
      ep00 train_loss=1.2076 train_acc=0.270 | val_loss=1.3700 val_acc=0.353
      ep01 train_loss=0.8025 train_acc=0.451 | val_loss=0.9699 val_acc=0.529
      ep02 train_loss=0.5644 train_acc=0.591 | val_loss=0.8481 val_acc=0.647
      ep03 train_loss=0.4792 train_acc=0.603 | val_loss=0.8902 val_acc=0.588
      ep04 train_loss=0.3698 train_acc=0.709 | val_loss=1.0947 val_acc=0.471
      ep05 train_loss=0.3648 train_acc=0.705 | val_loss=1.0579 val_acc=0.529
      ep06 train_loss=0.2520 train_acc=0.789 | val_loss=0.8737 val_acc=0.706
      ep07 train_loss=0.2651 train_acc=0.772 | val_loss=0.9200 val_acc=0.647
      ep08 train_loss=0.2361 train_acc=0.806 | val_loss=0.7456 val_acc=0.765
      ep09 train_loss=0.1650 train_acc=0.835 | val_loss=0.7363 val_acc=0.706
      ep10 train_loss=0.1193 train_acc=0.878 | val_loss=0.8813 val_acc=0.647
      ep11 train_loss=0.1635 train_acc=0.861 | val_loss=0.8635 val_acc=0.529
      ep12 train_loss=0.1203 train_acc=0.899 | val_loss=0.6557 val_acc=0.706
      ep13 train_loss=0.1017 train_acc=0.899 | val_loss=0.7237 val_acc=0.706
      ep14 train_loss=0.1029 train_acc=0.882 | val_loss=0.6395 val_acc=0.882
      ep15 train_loss=0.0816 train_acc=0.916 | val_loss=0.6675 val_acc=0.824
      ep16 train_loss=0.0699 train_acc=0.937 | val_loss=0.6160 val_acc=0.824
      ep17 train_loss=0.0845 train_acc=0.932 | val_loss=0.7185 val_acc=0.706
      ep18 train_loss=0.0367 train_acc=0.975 | val_loss=0.7773 val_acc=0.706
      ep19 train_loss=0.0807 train_acc=0.924 | val_loss=0.7406 val_acc=0.706
      ep20 train_loss=0.0403 train_acc=0.949 | val_loss=0.7181 val_acc=0.706
      ep21 train_loss=0.0837 train_acc=0.924 | val_loss=0.8212 val_acc=0.647
      ep22 train_loss=0.0463 train_acc=0.949 | val_loss=0.7299 val_acc=0.765
      ep23 train_loss=0.0625 train_acc=0.932 | val_loss=0.7927 val_acc=0.647
      ep24 train_loss=0.0359 train_acc=0.958 | val_loss=0.7314 val_acc=0.706
    fold acc=0.765 time=240.9s | running pooled acc=0.630

=== FINAL (pooled LOSO) ===
UF1 = 0.4907
UAR = 0.4916
ACC = 0.6299
per-class F1: obj1=0.417, obj2=0.375, obj3=0.851, obj4=0.348, obj5=0.326, obj7=0.628
per-class recall: obj1=0.400, obj2=0.400, obj3=0.869, obj4=0.308, obj5=0.350, obj7=0.623
confusion matrix (rows=true):
          obj1   obj2   obj3   obj4   obj5   obj7
   obj1     10      0      0      3      1     11
   obj2      0      6      1      0      6      2
   obj3      0      1     86      8      0      4
   obj4      3      0     12      8      0      3
   obj5      0      8      0      0      7      5
   obj7     10      2      4      1      9     43

saved to D:\AI-Projects\casmeII-new-from-sequence-model\experiments\obj6_focal
elapsed 6147.4s
=== running obj6_4ch ===
=== EXPERIMENT obj6_4ch ===
time: 2026-07-16T07:18:02.881380
device: cuda (NVIDIA GeForce RTX 3060)
platform: Windows-10-10.0.26200-SP0 | torch 2.6.0+cu124
config:
{
  "seed": 42,
  "T": 16,
  "img_size": 128,
  "base_size": 144,
  "input_mode": "rgb",
  "backbone": "r2plus1d_18",
  "pretrained": true,
  "dropout": 0.5,
  "epochs": 25,
  "lr": 0.0001,
  "weight_decay": 0.001,
  "batch_size": 6,
  "class_weighting": true,
  "label_smoothing": 0.1,
  "hflip": true,
  "color_jitter": 0.0,
  "temporal_jitter": true,
  "amp": true,
  "eval_last_k": 3,
  "tta": 5,
  "cache_dir": "cache/flow144",
  "index": "cache/index_objective.csv",
  "class_names": [
    "obj1",
    "obj2",
    "obj3",
    "obj4",
    "obj5",
    "obj7"
  ],
  "name": "obj6_4ch",
  "modality": "flow",
  "temporal_span": "onset_offset",
  "flow_clip": 3.0,
  "manifest_name": "manifest_obj6.csv",
  "flow_third": "both",
  "in_channels": 4,
  "strain_clip": 0.3
}
samples: 254 | classes: 6 ['obj1', 'obj2', 'obj3', 'obj4', 'obj5', 'obj7']
loading arrays into RAM...
loaded 254 arrays

--- Fold 1/26 | test sub01 (9 test, 245 train) ---
      ep00 train_loss=2.0197 train_acc=0.212 | val_loss=1.2762 val_acc=0.444
      ep01 train_loss=1.5710 train_acc=0.514 | val_loss=0.8119 val_acc=0.889
      ep02 train_loss=1.4469 train_acc=0.563 | val_loss=0.5644 val_acc=0.889
      ep03 train_loss=1.3912 train_acc=0.596 | val_loss=0.7415 val_acc=0.778
      ep04 train_loss=1.2786 train_acc=0.665 | val_loss=0.6851 val_acc=0.667
      ep05 train_loss=1.2203 train_acc=0.669 | val_loss=0.6712 val_acc=0.778
      ep06 train_loss=1.1187 train_acc=0.763 | val_loss=0.4751 val_acc=0.889
      ep07 train_loss=1.1239 train_acc=0.759 | val_loss=0.4952 val_acc=0.778
      ep08 train_loss=0.9975 train_acc=0.800 | val_loss=0.7237 val_acc=0.889
      ep09 train_loss=1.0031 train_acc=0.808 | val_loss=0.5427 val_acc=0.889
      ep10 train_loss=0.9600 train_acc=0.837 | val_loss=0.7357 val_acc=0.778
      ep11 train_loss=0.8739 train_acc=0.902 | val_loss=0.6200 val_acc=0.667
      ep12 train_loss=0.8100 train_acc=0.902 | val_loss=0.5585 val_acc=0.778
      ep13 train_loss=0.8917 train_acc=0.886 | val_loss=0.5820 val_acc=0.778
      ep14 train_loss=0.8703 train_acc=0.902 | val_loss=0.5735 val_acc=0.778
      ep15 train_loss=0.8542 train_acc=0.910 | val_loss=0.5467 val_acc=0.778
      ep16 train_loss=0.7691 train_acc=0.959 | val_loss=0.4629 val_acc=0.778
      ep17 train_loss=0.8048 train_acc=0.931 | val_loss=0.4845 val_acc=0.778
      ep18 train_loss=0.7878 train_acc=0.947 | val_loss=0.4311 val_acc=0.889
      ep19 train_loss=0.7675 train_acc=0.967 | val_loss=0.4753 val_acc=0.889
      ep20 train_loss=0.8059 train_acc=0.939 | val_loss=0.4558 val_acc=0.889
      ep21 train_loss=0.7607 train_acc=0.943 | val_loss=0.4704 val_acc=0.778
      ep22 train_loss=0.7545 train_acc=0.980 | val_loss=0.4649 val_acc=0.778
      ep23 train_loss=0.8076 train_acc=0.947 | val_loss=0.4810 val_acc=0.778
      ep24 train_loss=0.8211 train_acc=0.971 | val_loss=0.4943 val_acc=0.778
    fold acc=0.889 time=351.4s | running pooled acc=0.889

--- Fold 2/26 | test sub02 (13 test, 241 train) ---
      ep00 train_loss=2.0093 train_acc=0.245 | val_loss=1.4623 val_acc=0.308
      ep01 train_loss=1.6922 train_acc=0.485 | val_loss=1.0592 val_acc=0.615
      ep02 train_loss=1.4921 train_acc=0.539 | val_loss=1.1179 val_acc=0.462
      ep03 train_loss=1.3673 train_acc=0.651 | val_loss=0.9376 val_acc=0.615
      ep04 train_loss=1.2386 train_acc=0.710 | val_loss=1.0871 val_acc=0.462
      ep05 train_loss=1.1539 train_acc=0.747 | val_loss=1.1629 val_acc=0.615
      ep06 train_loss=1.1107 train_acc=0.763 | val_loss=1.0724 val_acc=0.538
      ep07 train_loss=1.1661 train_acc=0.739 | val_loss=1.0685 val_acc=0.538
      ep08 train_loss=1.0689 train_acc=0.842 | val_loss=1.0837 val_acc=0.538
      ep09 train_loss=1.0585 train_acc=0.801 | val_loss=1.1066 val_acc=0.538
      ep10 train_loss=0.8750 train_acc=0.876 | val_loss=1.3382 val_acc=0.462
      ep11 train_loss=0.9152 train_acc=0.900 | val_loss=0.9994 val_acc=0.615
      ep12 train_loss=0.8969 train_acc=0.888 | val_loss=1.1212 val_acc=0.692
      ep13 train_loss=0.9411 train_acc=0.880 | val_loss=1.1577 val_acc=0.692
      ep14 train_loss=0.8918 train_acc=0.892 | val_loss=1.2660 val_acc=0.692
      ep15 train_loss=0.8582 train_acc=0.900 | val_loss=1.1095 val_acc=0.538
      ep16 train_loss=0.8011 train_acc=0.979 | val_loss=1.1183 val_acc=0.692
      ep17 train_loss=0.8123 train_acc=0.950 | val_loss=1.0818 val_acc=0.769
      ep18 train_loss=0.8150 train_acc=0.959 | val_loss=1.1270 val_acc=0.538
      ep19 train_loss=0.8398 train_acc=0.921 | val_loss=1.1813 val_acc=0.538
      ep20 train_loss=0.7924 train_acc=0.959 | val_loss=1.0011 val_acc=0.692
      ep21 train_loss=0.7882 train_acc=0.963 | val_loss=0.9370 val_acc=0.615
      ep22 train_loss=0.7679 train_acc=0.983 | val_loss=1.1065 val_acc=0.615
      ep23 train_loss=0.8254 train_acc=0.971 | val_loss=0.9617 val_acc=0.692
      ep24 train_loss=0.8171 train_acc=0.942 | val_loss=1.0776 val_acc=0.615
    fold acc=0.538 time=349.4s | running pooled acc=0.682

--- Fold 3/26 | test sub03 (7 test, 247 train) ---
      ep00 train_loss=2.0405 train_acc=0.215 | val_loss=2.2071 val_acc=0.286
      ep01 train_loss=1.6062 train_acc=0.530 | val_loss=1.9198 val_acc=0.143
      ep02 train_loss=1.4635 train_acc=0.543 | val_loss=2.6618 val_acc=0.143
      ep03 train_loss=1.3272 train_acc=0.644 | val_loss=1.9345 val_acc=0.286
      ep04 train_loss=1.2482 train_acc=0.688 | val_loss=1.7268 val_acc=0.429
      ep05 train_loss=1.1033 train_acc=0.765 | val_loss=1.4983 val_acc=0.286
      ep06 train_loss=1.1101 train_acc=0.761 | val_loss=1.7889 val_acc=0.429
      ep07 train_loss=1.0191 train_acc=0.862 | val_loss=2.2861 val_acc=0.286
      ep08 train_loss=1.0387 train_acc=0.810 | val_loss=2.2723 val_acc=0.143
      ep09 train_loss=1.0491 train_acc=0.810 | val_loss=2.4200 val_acc=0.286
      ep10 train_loss=0.9212 train_acc=0.899 | val_loss=2.9966 val_acc=0.143
      ep11 train_loss=0.8373 train_acc=0.903 | val_loss=2.5294 val_acc=0.286
      ep12 train_loss=0.8781 train_acc=0.891 | val_loss=3.2073 val_acc=0.286
      ep13 train_loss=0.8473 train_acc=0.943 | val_loss=3.0296 val_acc=0.286
      ep14 train_loss=0.8458 train_acc=0.887 | val_loss=3.1734 val_acc=0.143
      ep15 train_loss=0.8136 train_acc=0.935 | val_loss=2.9222 val_acc=0.286
      ep16 train_loss=0.8983 train_acc=0.935 | val_loss=2.7617 val_acc=0.143
      ep17 train_loss=0.8082 train_acc=0.935 | val_loss=2.5150 val_acc=0.286
      ep18 train_loss=0.8171 train_acc=0.899 | val_loss=3.1203 val_acc=0.143
      ep19 train_loss=0.7888 train_acc=0.960 | val_loss=2.6083 val_acc=0.286
      ep20 train_loss=0.8243 train_acc=0.939 | val_loss=2.4800 val_acc=0.286
      ep21 train_loss=0.7918 train_acc=0.976 | val_loss=2.8501 val_acc=0.143
      ep22 train_loss=0.7687 train_acc=0.968 | val_loss=2.6218 val_acc=0.286
      ep23 train_loss=0.7887 train_acc=0.972 | val_loss=2.7162 val_acc=0.143
      ep24 train_loss=0.7667 train_acc=0.947 | val_loss=2.6510 val_acc=0.143
    fold acc=0.143 time=350.0s | running pooled acc=0.552

--- Fold 4/26 | test sub04 (5 test, 249 train) ---
      ep00 train_loss=1.9458 train_acc=0.229 | val_loss=1.2325 val_acc=0.600
      ep01 train_loss=1.6137 train_acc=0.454 | val_loss=1.7517 val_acc=0.400
      ep02 train_loss=1.4460 train_acc=0.534 | val_loss=2.1541 val_acc=0.400
      ep03 train_loss=1.4053 train_acc=0.598 | val_loss=1.2399 val_acc=0.400
      ep04 train_loss=1.2846 train_acc=0.675 | val_loss=2.4901 val_acc=0.400
      ep05 train_loss=1.2349 train_acc=0.699 | val_loss=1.6425 val_acc=0.600
      ep06 train_loss=1.0538 train_acc=0.791 | val_loss=1.9870 val_acc=0.400
      ep07 train_loss=0.9984 train_acc=0.823 | val_loss=2.8048 val_acc=0.400
      ep08 train_loss=0.9882 train_acc=0.843 | val_loss=2.3668 val_acc=0.400
      ep09 train_loss=0.9015 train_acc=0.888 | val_loss=1.6826 val_acc=0.400
      ep10 train_loss=0.8815 train_acc=0.916 | val_loss=2.0219 val_acc=0.400
      ep11 train_loss=0.9140 train_acc=0.855 | val_loss=1.9466 val_acc=0.400
      ep12 train_loss=0.8670 train_acc=0.940 | val_loss=2.1151 val_acc=0.400
      ep13 train_loss=0.8017 train_acc=0.936 | val_loss=1.9173 val_acc=0.400
      ep14 train_loss=0.8371 train_acc=0.928 | val_loss=2.0839 val_acc=0.400
      ep15 train_loss=0.7859 train_acc=0.964 | val_loss=1.6791 val_acc=0.400
      ep16 train_loss=0.7810 train_acc=0.976 | val_loss=1.5821 val_acc=0.400
      ep17 train_loss=0.7914 train_acc=0.948 | val_loss=1.5509 val_acc=0.400
      ep18 train_loss=0.8074 train_acc=0.944 | val_loss=1.7738 val_acc=0.400
      ep19 train_loss=0.7377 train_acc=0.976 | val_loss=2.0410 val_acc=0.400
      ep20 train_loss=0.7980 train_acc=0.948 | val_loss=2.0567 val_acc=0.400
      ep21 train_loss=0.8131 train_acc=0.956 | val_loss=1.6691 val_acc=0.400
      ep22 train_loss=0.7667 train_acc=0.968 | val_loss=1.7692 val_acc=0.400
      ep23 train_loss=0.7830 train_acc=0.964 | val_loss=1.8383 val_acc=0.400
      ep24 train_loss=0.7981 train_acc=0.948 | val_loss=1.8191 val_acc=0.400
    fold acc=0.400 time=351.9s | running pooled acc=0.529

--- Fold 5/26 | test sub05 (19 test, 235 train) ---
      ep00 train_loss=1.9878 train_acc=0.230 | val_loss=1.1717 val_acc=0.684
      ep01 train_loss=1.6472 train_acc=0.451 | val_loss=1.3984 val_acc=0.421
      ep02 train_loss=1.4220 train_acc=0.570 | val_loss=1.3490 val_acc=0.579
      ep03 train_loss=1.3890 train_acc=0.634 | val_loss=1.6071 val_acc=0.474
      ep04 train_loss=1.2397 train_acc=0.664 | val_loss=1.8024 val_acc=0.211
      ep05 train_loss=1.2201 train_acc=0.728 | val_loss=1.2287 val_acc=0.632
      ep06 train_loss=1.1323 train_acc=0.774 | val_loss=2.2546 val_acc=0.632
      ep07 train_loss=1.0252 train_acc=0.830 | val_loss=1.2863 val_acc=0.579
      ep08 train_loss=1.0302 train_acc=0.813 | val_loss=2.5047 val_acc=0.421
      ep09 train_loss=0.9510 train_acc=0.826 | val_loss=1.3403 val_acc=0.474
      ep10 train_loss=0.9778 train_acc=0.864 | val_loss=1.7300 val_acc=0.526
      ep11 train_loss=0.9216 train_acc=0.872 | val_loss=1.6441 val_acc=0.421
      ep12 train_loss=0.8374 train_acc=0.919 | val_loss=1.4370 val_acc=0.526
      ep13 train_loss=0.8299 train_acc=0.919 | val_loss=1.5459 val_acc=0.579
      ep14 train_loss=0.7921 train_acc=0.953 | val_loss=1.6026 val_acc=0.579
      ep15 train_loss=0.8494 train_acc=0.919 | val_loss=1.5246 val_acc=0.526
      ep16 train_loss=0.8205 train_acc=0.936 | val_loss=1.3930 val_acc=0.526
      ep17 train_loss=0.8068 train_acc=0.945 | val_loss=1.4361 val_acc=0.632
      ep18 train_loss=0.8209 train_acc=0.940 | val_loss=1.4285 val_acc=0.526
      ep19 train_loss=0.8120 train_acc=0.945 | val_loss=1.6068 val_acc=0.579
      ep20 train_loss=0.7865 train_acc=0.970 | val_loss=1.5222 val_acc=0.579
      ep21 train_loss=0.8059 train_acc=0.966 | val_loss=1.4751 val_acc=0.579
      ep22 train_loss=0.8445 train_acc=0.906 | val_loss=1.6090 val_acc=0.526
      ep23 train_loss=0.7846 train_acc=0.962 | val_loss=1.5777 val_acc=0.526
      ep24 train_loss=0.7659 train_acc=0.979 | val_loss=1.6201 val_acc=0.526
    fold acc=0.579 time=347.6s | running pooled acc=0.547

--- Fold 6/26 | test sub06 (5 test, 249 train) ---
      ep00 train_loss=1.9447 train_acc=0.245 | val_loss=1.6297 val_acc=0.400
      ep01 train_loss=1.6180 train_acc=0.482 | val_loss=1.5190 val_acc=0.200
      ep02 train_loss=1.4780 train_acc=0.506 | val_loss=2.0076 val_acc=0.000
      ep03 train_loss=1.3525 train_acc=0.618 | val_loss=1.7053 val_acc=0.200
      ep04 train_loss=1.3074 train_acc=0.679 | val_loss=1.3896 val_acc=0.600
      ep05 train_loss=1.2655 train_acc=0.707 | val_loss=1.7100 val_acc=0.400
      ep06 train_loss=1.0856 train_acc=0.771 | val_loss=1.6985 val_acc=0.200
      ep07 train_loss=1.0298 train_acc=0.827 | val_loss=1.7199 val_acc=0.200
      ep08 train_loss=1.0356 train_acc=0.815 | val_loss=2.3364 val_acc=0.200
      ep09 train_loss=0.9293 train_acc=0.876 | val_loss=1.1805 val_acc=0.400
      ep10 train_loss=0.9029 train_acc=0.896 | val_loss=1.8862 val_acc=0.200
      ep11 train_loss=0.9510 train_acc=0.871 | val_loss=1.6282 val_acc=0.200
      ep12 train_loss=0.9297 train_acc=0.900 | val_loss=1.2419 val_acc=0.600
      ep13 train_loss=0.8161 train_acc=0.908 | val_loss=1.2461 val_acc=0.400
      ep14 train_loss=0.8143 train_acc=0.948 | val_loss=1.2225 val_acc=0.600
      ep15 train_loss=0.8019 train_acc=0.956 | val_loss=1.2835 val_acc=0.600
      ep16 train_loss=0.7990 train_acc=0.976 | val_loss=1.4739 val_acc=0.400
      ep17 train_loss=0.7939 train_acc=0.964 | val_loss=1.2841 val_acc=0.600
      ep18 train_loss=0.8073 train_acc=0.964 | val_loss=1.3665 val_acc=0.400
      ep19 train_loss=0.7627 train_acc=0.960 | val_loss=1.1900 val_acc=0.400
      ep20 train_loss=0.7768 train_acc=0.964 | val_loss=1.2904 val_acc=0.400
      ep21 train_loss=0.8317 train_acc=0.948 | val_loss=1.2426 val_acc=0.600
      ep22 train_loss=0.7596 train_acc=0.976 | val_loss=1.3289 val_acc=0.400
      ep23 train_loss=0.7765 train_acc=0.968 | val_loss=1.3171 val_acc=0.400
      ep24 train_loss=0.7837 train_acc=0.964 | val_loss=1.1811 val_acc=0.600
    fold acc=0.400 time=351.8s | running pooled acc=0.534

--- Fold 7/26 | test sub07 (9 test, 245 train) ---
      ep00 train_loss=1.9870 train_acc=0.245 | val_loss=2.4760 val_acc=0.222
      ep01 train_loss=1.5646 train_acc=0.518 | val_loss=1.6190 val_acc=0.222
      ep02 train_loss=1.4630 train_acc=0.555 | val_loss=1.7909 val_acc=0.333
      ep03 train_loss=1.3490 train_acc=0.616 | val_loss=2.1557 val_acc=0.111
      ep04 train_loss=1.2950 train_acc=0.653 | val_loss=1.8385 val_acc=0.222
      ep05 train_loss=1.1620 train_acc=0.710 | val_loss=2.2049 val_acc=0.111
      ep06 train_loss=1.1277 train_acc=0.735 | val_loss=1.6252 val_acc=0.444
      ep07 train_loss=1.1298 train_acc=0.776 | val_loss=3.3583 val_acc=0.222
      ep08 train_loss=1.0563 train_acc=0.829 | val_loss=1.8397 val_acc=0.333
      ep09 train_loss=0.9923 train_acc=0.829 | val_loss=2.0096 val_acc=0.333
      ep10 train_loss=0.9833 train_acc=0.865 | val_loss=1.8134 val_acc=0.333
      ep11 train_loss=0.8475 train_acc=0.898 | val_loss=2.5538 val_acc=0.222
      ep12 train_loss=0.8308 train_acc=0.910 | val_loss=2.4904 val_acc=0.333
      ep13 train_loss=0.9283 train_acc=0.886 | val_loss=2.5321 val_acc=0.000
      ep14 train_loss=0.8407 train_acc=0.927 | val_loss=2.7395 val_acc=0.111
      ep15 train_loss=0.8564 train_acc=0.910 | val_loss=2.5608 val_acc=0.000
      ep16 train_loss=0.7815 train_acc=0.955 | val_loss=2.6703 val_acc=0.222
      ep17 train_loss=0.7990 train_acc=0.967 | val_loss=2.5689 val_acc=0.000
      ep18 train_loss=0.7546 train_acc=0.955 | val_loss=2.7332 val_acc=0.111
      ep19 train_loss=0.7429 train_acc=0.976 | val_loss=3.1713 val_acc=0.111
      ep20 train_loss=0.8304 train_acc=0.927 | val_loss=2.9815 val_acc=0.222
      ep21 train_loss=0.7780 train_acc=0.943 | val_loss=2.7597 val_acc=0.222
      ep22 train_loss=0.7387 train_acc=0.971 | val_loss=2.8403 val_acc=0.111
      ep23 train_loss=0.8211 train_acc=0.935 | val_loss=2.7728 val_acc=0.111
      ep24 train_loss=0.7815 train_acc=0.955 | val_loss=2.5047 val_acc=0.222
    fold acc=0.444 time=353.2s | running pooled acc=0.522

--- Fold 8/26 | test sub08 (3 test, 251 train) ---
      ep00 train_loss=1.9658 train_acc=0.235 | val_loss=1.1675 val_acc=0.667
      ep01 train_loss=1.6535 train_acc=0.486 | val_loss=0.9724 val_acc=0.667
      ep02 train_loss=1.4526 train_acc=0.574 | val_loss=1.2269 val_acc=0.667
      ep03 train_loss=1.3630 train_acc=0.594 | val_loss=0.7159 val_acc=0.667
      ep04 train_loss=1.3066 train_acc=0.689 | val_loss=1.3390 val_acc=0.667
      ep05 train_loss=1.2420 train_acc=0.709 | val_loss=0.9109 val_acc=0.667
      ep06 train_loss=1.1448 train_acc=0.725 | val_loss=0.9853 val_acc=0.667
      ep07 train_loss=1.1569 train_acc=0.721 | val_loss=0.5248 val_acc=1.000
      ep08 train_loss=0.9792 train_acc=0.829 | val_loss=0.7025 val_acc=1.000
      ep09 train_loss=0.9496 train_acc=0.869 | val_loss=1.1816 val_acc=0.667
      ep10 train_loss=0.8639 train_acc=0.904 | val_loss=0.7550 val_acc=1.000
      ep11 train_loss=0.9643 train_acc=0.865 | val_loss=0.5364 val_acc=1.000
      ep12 train_loss=0.8840 train_acc=0.845 | val_loss=0.7781 val_acc=0.667
      ep13 train_loss=0.8287 train_acc=0.928 | val_loss=0.6235 val_acc=1.000
      ep14 train_loss=0.7984 train_acc=0.940 | val_loss=0.8777 val_acc=0.667
      ep15 train_loss=0.7929 train_acc=0.960 | val_loss=0.7085 val_acc=0.667
      ep16 train_loss=0.8020 train_acc=0.960 | val_loss=0.6544 val_acc=1.000
      ep17 train_loss=0.7799 train_acc=0.952 | val_loss=0.6537 val_acc=1.000
      ep18 train_loss=0.8270 train_acc=0.940 | val_loss=0.5644 val_acc=1.000
      ep19 train_loss=0.7647 train_acc=0.968 | val_loss=0.7240 val_acc=0.667
      ep20 train_loss=0.7523 train_acc=0.956 | val_loss=0.6433 val_acc=0.667
      ep21 train_loss=0.7756 train_acc=0.964 | val_loss=0.7233 val_acc=0.667
      ep22 train_loss=0.7382 train_acc=0.980 | val_loss=0.7040 val_acc=0.667
      ep23 train_loss=0.7623 train_acc=0.968 | val_loss=0.6898 val_acc=0.667
      ep24 train_loss=0.7876 train_acc=0.956 | val_loss=0.7620 val_acc=0.667
    fold acc=0.667 time=366.2s | running pooled acc=0.529

--- Fold 9/26 | test sub09 (13 test, 241 train) ---
      ep00 train_loss=2.0310 train_acc=0.220 | val_loss=1.6560 val_acc=0.385
      ep01 train_loss=1.6629 train_acc=0.477 | val_loss=1.3101 val_acc=0.538
      ep02 train_loss=1.4754 train_acc=0.560 | val_loss=1.0198 val_acc=0.615
      ep03 train_loss=1.4029 train_acc=0.622 | val_loss=1.0312 val_acc=0.615
      ep04 train_loss=1.2581 train_acc=0.718 | val_loss=0.9009 val_acc=0.692
      ep05 train_loss=1.3158 train_acc=0.689 | val_loss=1.0309 val_acc=0.615
      ep06 train_loss=1.1903 train_acc=0.793 | val_loss=0.8467 val_acc=0.769
      ep07 train_loss=1.1397 train_acc=0.751 | val_loss=0.9652 val_acc=0.615
      ep08 train_loss=1.0941 train_acc=0.817 | val_loss=1.0738 val_acc=0.615
      ep09 train_loss=1.0713 train_acc=0.793 | val_loss=0.9674 val_acc=0.769
      ep10 train_loss=0.9142 train_acc=0.896 | val_loss=0.8654 val_acc=0.846
      ep11 train_loss=0.9302 train_acc=0.896 | val_loss=0.9853 val_acc=0.769
      ep12 train_loss=0.8991 train_acc=0.880 | val_loss=0.9475 val_acc=0.769
      ep13 train_loss=0.9557 train_acc=0.900 | val_loss=0.9893 val_acc=0.769
      ep14 train_loss=0.8451 train_acc=0.917 | val_loss=1.0166 val_acc=0.692
      ep15 train_loss=0.8767 train_acc=0.921 | val_loss=0.8097 val_acc=0.692
      ep16 train_loss=0.7994 train_acc=0.954 | val_loss=0.9791 val_acc=0.692
      ep17 train_loss=0.8138 train_acc=0.934 | val_loss=0.9069 val_acc=0.769
      ep18 train_loss=0.8574 train_acc=0.938 | val_loss=0.7997 val_acc=0.846
      ep19 train_loss=0.8621 train_acc=0.938 | val_loss=1.0165 val_acc=0.692
      ep20 train_loss=0.7996 train_acc=0.950 | val_loss=0.8574 val_acc=0.846
      ep21 train_loss=0.8139 train_acc=0.967 | val_loss=0.8215 val_acc=0.846
      ep22 train_loss=0.8259 train_acc=0.946 | val_loss=0.8529 val_acc=0.846
      ep23 train_loss=0.8196 train_acc=0.959 | val_loss=0.8688 val_acc=0.846
      ep24 train_loss=0.8314 train_acc=0.934 | val_loss=0.9218 val_acc=0.846
    fold acc=0.769 time=375.9s | running pooled acc=0.566

--- Fold 10/26 | test sub10 (14 test, 240 train) ---
      ep00 train_loss=2.0340 train_acc=0.204 | val_loss=0.5799 val_acc=0.929
      ep01 train_loss=1.5752 train_acc=0.496 | val_loss=0.6711 val_acc=0.857
      ep02 train_loss=1.4361 train_acc=0.554 | val_loss=0.4958 val_acc=0.857
      ep03 train_loss=1.3465 train_acc=0.600 | val_loss=0.7286 val_acc=0.857
      ep04 train_loss=1.2746 train_acc=0.617 | val_loss=0.7060 val_acc=0.857
      ep05 train_loss=1.2211 train_acc=0.708 | val_loss=0.5266 val_acc=0.786
      ep06 train_loss=1.1026 train_acc=0.746 | val_loss=0.3383 val_acc=0.929
      ep07 train_loss=0.9505 train_acc=0.821 | val_loss=0.8145 val_acc=0.857
      ep08 train_loss=0.9450 train_acc=0.842 | val_loss=0.3228 val_acc=0.929
      ep09 train_loss=0.8661 train_acc=0.896 | val_loss=0.4789 val_acc=0.929
      ep10 train_loss=0.8184 train_acc=0.900 | val_loss=0.4315 val_acc=0.929
      ep11 train_loss=0.7964 train_acc=0.938 | val_loss=0.5052 val_acc=0.857
      ep12 train_loss=0.8443 train_acc=0.887 | val_loss=0.2835 val_acc=0.929
      ep13 train_loss=0.8444 train_acc=0.912 | val_loss=0.2732 val_acc=0.929
      ep14 train_loss=0.8092 train_acc=0.917 | val_loss=0.2259 val_acc=0.929
      ep15 train_loss=0.7970 train_acc=0.954 | val_loss=0.3486 val_acc=0.929
      ep16 train_loss=0.7844 train_acc=0.938 | val_loss=0.3124 val_acc=0.929
      ep17 train_loss=0.7383 train_acc=0.967 | val_loss=0.2503 val_acc=0.929
      ep18 train_loss=0.7861 train_acc=0.929 | val_loss=0.2854 val_acc=0.929
      ep19 train_loss=0.7304 train_acc=0.971 | val_loss=0.2668 val_acc=0.929
      ep20 train_loss=0.7793 train_acc=0.954 | val_loss=0.2553 val_acc=0.929
      ep21 train_loss=0.7132 train_acc=0.979 | val_loss=0.2597 val_acc=0.929
      ep22 train_loss=0.7459 train_acc=0.983 | val_loss=0.3146 val_acc=0.929
      ep23 train_loss=0.7202 train_acc=0.967 | val_loss=0.2132 val_acc=0.929
      ep24 train_loss=0.7538 train_acc=0.971 | val_loss=0.2168 val_acc=0.929
    fold acc=1.000 time=359.4s | running pooled acc=0.629

--- Fold 11/26 | test sub11 (10 test, 244 train) ---
      ep00 train_loss=2.0671 train_acc=0.209 | val_loss=0.9126 val_acc=0.800
      ep01 train_loss=1.5365 train_acc=0.529 | val_loss=1.0167 val_acc=0.700
      ep02 train_loss=1.5067 train_acc=0.533 | val_loss=0.6342 val_acc=1.000
      ep03 train_loss=1.3490 train_acc=0.639 | val_loss=0.8179 val_acc=0.600
      ep04 train_loss=1.2411 train_acc=0.672 | val_loss=0.6595 val_acc=0.800
      ep05 train_loss=1.1180 train_acc=0.750 | val_loss=0.7348 val_acc=0.700
      ep06 train_loss=1.0937 train_acc=0.746 | val_loss=0.6810 val_acc=0.700
      ep07 train_loss=1.0009 train_acc=0.803 | val_loss=0.7833 val_acc=0.800
      ep08 train_loss=1.0045 train_acc=0.844 | val_loss=0.7408 val_acc=0.900
      ep09 train_loss=0.9681 train_acc=0.832 | val_loss=0.6053 val_acc=0.900
      ep10 train_loss=0.9049 train_acc=0.918 | val_loss=0.7852 val_acc=0.900
      ep11 train_loss=0.8530 train_acc=0.902 | val_loss=0.7870 val_acc=0.800
      ep12 train_loss=0.8610 train_acc=0.902 | val_loss=0.7943 val_acc=0.800
      ep13 train_loss=0.8760 train_acc=0.902 | val_loss=0.6575 val_acc=0.800
      ep14 train_loss=0.8381 train_acc=0.934 | val_loss=0.5556 val_acc=0.800
      ep15 train_loss=0.7840 train_acc=0.951 | val_loss=0.5299 val_acc=0.900
      ep16 train_loss=0.7619 train_acc=0.975 | val_loss=0.4732 val_acc=0.900
      ep17 train_loss=0.7937 train_acc=0.926 | val_loss=0.5566 val_acc=0.900
      ep18 train_loss=0.8477 train_acc=0.939 | val_loss=0.7038 val_acc=0.800
      ep19 train_loss=0.7801 train_acc=0.951 | val_loss=0.6898 val_acc=0.800
      ep20 train_loss=0.7677 train_acc=0.971 | val_loss=0.6420 val_acc=0.800
      ep21 train_loss=0.7559 train_acc=0.984 | val_loss=0.6656 val_acc=0.800
      ep22 train_loss=0.7795 train_acc=0.951 | val_loss=0.6033 val_acc=0.800
      ep23 train_loss=0.7647 train_acc=0.955 | val_loss=0.6480 val_acc=0.800
      ep24 train_loss=0.7428 train_acc=0.971 | val_loss=0.6028 val_acc=0.800
    fold acc=0.800 time=383.8s | running pooled acc=0.645

--- Fold 12/26 | test sub12 (12 test, 242 train) ---
      ep00 train_loss=2.1598 train_acc=0.186 | val_loss=1.2583 val_acc=0.583
      ep01 train_loss=1.6709 train_acc=0.525 | val_loss=0.9110 val_acc=0.833
      ep02 train_loss=1.6100 train_acc=0.492 | val_loss=1.5407 val_acc=0.500
      ep03 train_loss=1.4322 train_acc=0.607 | val_loss=0.8019 val_acc=0.750
      ep04 train_loss=1.3076 train_acc=0.674 | val_loss=1.3751 val_acc=0.250
      ep05 train_loss=1.2062 train_acc=0.707 | val_loss=1.5762 val_acc=0.417
      ep06 train_loss=1.1899 train_acc=0.723 | val_loss=1.4983 val_acc=0.417
      ep07 train_loss=1.1138 train_acc=0.798 | val_loss=0.8917 val_acc=0.667
      ep08 train_loss=1.1476 train_acc=0.793 | val_loss=1.7557 val_acc=0.417
      ep09 train_loss=1.0336 train_acc=0.826 | val_loss=0.9945 val_acc=0.667
      ep10 train_loss=0.9843 train_acc=0.851 | val_loss=1.3800 val_acc=0.583
      ep11 train_loss=0.9455 train_acc=0.860 | val_loss=2.2022 val_acc=0.417
      ep12 train_loss=0.9577 train_acc=0.876 | val_loss=1.7972 val_acc=0.417
      ep13 train_loss=0.9043 train_acc=0.901 | val_loss=1.5040 val_acc=0.583
      ep14 train_loss=0.8690 train_acc=0.913 | val_loss=1.6765 val_acc=0.583
      ep15 train_loss=0.8671 train_acc=0.934 | val_loss=2.0329 val_acc=0.417
      ep16 train_loss=0.8332 train_acc=0.979 | val_loss=1.7141 val_acc=0.583
      ep17 train_loss=0.8993 train_acc=0.942 | val_loss=1.6768 val_acc=0.583
      ep18 train_loss=0.8199 train_acc=0.963 | val_loss=1.4838 val_acc=0.583
      ep19 train_loss=0.8722 train_acc=0.921 | val_loss=1.4318 val_acc=0.667
      ep20 train_loss=0.8289 train_acc=0.955 | val_loss=1.5625 val_acc=0.583
      ep21 train_loss=0.8619 train_acc=0.946 | val_loss=1.7046 val_acc=0.583
      ep22 train_loss=0.8035 train_acc=0.942 | val_loss=1.5863 val_acc=0.583
      ep23 train_loss=0.8079 train_acc=0.967 | val_loss=1.7074 val_acc=0.583
      ep24 train_loss=0.8277 train_acc=0.963 | val_loss=1.7580 val_acc=0.583
    fold acc=0.667 time=371.4s | running pooled acc=0.647

--- Fold 13/26 | test sub13 (8 test, 246 train) ---
      ep00 train_loss=1.9790 train_acc=0.236 | val_loss=1.3196 val_acc=0.500
      ep01 train_loss=1.5724 train_acc=0.553 | val_loss=1.2009 val_acc=0.500
      ep02 train_loss=1.4251 train_acc=0.593 | val_loss=0.9066 val_acc=0.625
      ep03 train_loss=1.3862 train_acc=0.618 | val_loss=0.9868 val_acc=0.750
      ep04 train_loss=1.2200 train_acc=0.720 | val_loss=0.9333 val_acc=0.625
      ep05 train_loss=1.2021 train_acc=0.687 | val_loss=0.9086 val_acc=0.625
      ep06 train_loss=1.0420 train_acc=0.744 | val_loss=0.9301 val_acc=0.625
      ep07 train_loss=1.0556 train_acc=0.805 | val_loss=0.7749 val_acc=0.625
      ep08 train_loss=1.0220 train_acc=0.866 | val_loss=1.2758 val_acc=0.500
      ep09 train_loss=0.9355 train_acc=0.862 | val_loss=1.3309 val_acc=0.375
      ep10 train_loss=0.9206 train_acc=0.837 | val_loss=1.3721 val_acc=0.500
      ep11 train_loss=0.8795 train_acc=0.874 | val_loss=1.2558 val_acc=0.500
      ep12 train_loss=0.8131 train_acc=0.939 | val_loss=1.1113 val_acc=0.500
      ep13 train_loss=0.8697 train_acc=0.915 | val_loss=0.9877 val_acc=0.500
      ep14 train_loss=0.8671 train_acc=0.915 | val_loss=1.2350 val_acc=0.500
      ep15 train_loss=0.8069 train_acc=0.947 | val_loss=1.2067 val_acc=0.625
      ep16 train_loss=0.8477 train_acc=0.939 | val_loss=1.0715 val_acc=0.625
      ep17 train_loss=0.7685 train_acc=0.951 | val_loss=0.9567 val_acc=0.625
      ep18 train_loss=0.7943 train_acc=0.947 | val_loss=1.0319 val_acc=0.625
      ep19 train_loss=0.7846 train_acc=0.963 | val_loss=1.0613 val_acc=0.625
      ep20 train_loss=0.7533 train_acc=0.967 | val_loss=1.0711 val_acc=0.625
      ep21 train_loss=0.7473 train_acc=0.959 | val_loss=0.9239 val_acc=0.625
      ep22 train_loss=0.7327 train_acc=0.980 | val_loss=0.9428 val_acc=0.625
      ep23 train_loss=0.7484 train_acc=0.980 | val_loss=0.9384 val_acc=0.625
      ep24 train_loss=0.7541 train_acc=0.963 | val_loss=0.9503 val_acc=0.625
    fold acc=0.750 time=364.7s | running pooled acc=0.654

--- Fold 14/26 | test sub14 (4 test, 250 train) ---
      ep00 train_loss=2.0219 train_acc=0.208 | val_loss=1.2552 val_acc=0.750
      ep01 train_loss=1.5918 train_acc=0.524 | val_loss=1.5493 val_acc=0.250
      ep02 train_loss=1.4491 train_acc=0.584 | val_loss=1.4301 val_acc=0.250
      ep03 train_loss=1.2792 train_acc=0.680 | val_loss=1.6969 val_acc=0.250
      ep04 train_loss=1.2402 train_acc=0.692 | val_loss=0.7606 val_acc=0.750
      ep05 train_loss=1.1256 train_acc=0.744 | val_loss=1.5192 val_acc=0.500
      ep06 train_loss=1.1909 train_acc=0.724 | val_loss=0.8580 val_acc=0.750
      ep07 train_loss=1.0225 train_acc=0.808 | val_loss=1.3907 val_acc=0.500
      ep08 train_loss=1.0446 train_acc=0.824 | val_loss=1.3887 val_acc=0.500
      ep09 train_loss=1.0379 train_acc=0.856 | val_loss=1.5030 val_acc=0.500
      ep10 train_loss=0.9862 train_acc=0.848 | val_loss=1.5401 val_acc=0.500
      ep11 train_loss=0.9307 train_acc=0.900 | val_loss=1.6200 val_acc=0.500
      ep12 train_loss=0.8888 train_acc=0.880 | val_loss=0.8306 val_acc=0.750
      ep13 train_loss=0.8648 train_acc=0.908 | val_loss=1.2635 val_acc=0.500
      ep14 train_loss=0.8363 train_acc=0.940 | val_loss=1.4976 val_acc=0.750
      ep15 train_loss=0.8667 train_acc=0.892 | val_loss=1.1648 val_acc=0.500
      ep16 train_loss=0.7604 train_acc=0.960 | val_loss=1.2872 val_acc=0.500
      ep17 train_loss=0.8000 train_acc=0.972 | val_loss=1.5742 val_acc=0.500
      ep18 train_loss=0.7619 train_acc=0.972 | val_loss=1.6021 val_acc=0.500
      ep19 train_loss=0.8004 train_acc=0.952 | val_loss=1.4685 val_acc=0.500
      ep20 train_loss=0.7593 train_acc=0.960 | val_loss=1.6612 val_acc=0.500
      ep21 train_loss=0.7937 train_acc=0.960 | val_loss=1.5358 val_acc=0.500
      ep22 train_loss=0.7960 train_acc=0.960 | val_loss=1.5535 val_acc=0.500
      ep23 train_loss=0.7784 train_acc=0.948 | val_loss=1.7054 val_acc=0.500
      ep24 train_loss=0.8332 train_acc=0.928 | val_loss=1.3038 val_acc=0.500
    fold acc=0.500 time=370.1s | running pooled acc=0.649

--- Fold 15/26 | test sub15 (3 test, 251 train) ---
      ep00 train_loss=2.0726 train_acc=0.239 | val_loss=1.2643 val_acc=0.667
      ep01 train_loss=1.6363 train_acc=0.490 | val_loss=1.0340 val_acc=0.667
      ep02 train_loss=1.4078 train_acc=0.610 | val_loss=1.8047 val_acc=0.333
      ep03 train_loss=1.4062 train_acc=0.633 | val_loss=1.5501 val_acc=0.333
      ep04 train_loss=1.2264 train_acc=0.725 | val_loss=1.6825 val_acc=0.333
      ep05 train_loss=1.1661 train_acc=0.733 | val_loss=1.7018 val_acc=0.333
      ep06 train_loss=1.1105 train_acc=0.741 | val_loss=1.6867 val_acc=0.333
      ep07 train_loss=1.0012 train_acc=0.813 | val_loss=1.3257 val_acc=0.667
      ep08 train_loss=1.0407 train_acc=0.797 | val_loss=0.7789 val_acc=0.667
      ep09 train_loss=0.9564 train_acc=0.825 | val_loss=0.9242 val_acc=0.667
      ep10 train_loss=0.9210 train_acc=0.880 | val_loss=1.8114 val_acc=0.000
      ep11 train_loss=0.9384 train_acc=0.876 | val_loss=1.7332 val_acc=0.000
      ep12 train_loss=0.8868 train_acc=0.904 | val_loss=1.4836 val_acc=0.333
      ep13 train_loss=0.8074 train_acc=0.952 | val_loss=1.3982 val_acc=0.333
      ep14 train_loss=0.7647 train_acc=0.972 | val_loss=1.4473 val_acc=0.333
      ep15 train_loss=0.8280 train_acc=0.948 | val_loss=0.9544 val_acc=0.333
      ep16 train_loss=0.8100 train_acc=0.956 | val_loss=1.4188 val_acc=0.667
      ep17 train_loss=0.7835 train_acc=0.932 | val_loss=1.2855 val_acc=0.333
      ep18 train_loss=0.8449 train_acc=0.936 | val_loss=1.2929 val_acc=0.333
      ep19 train_loss=0.7644 train_acc=0.964 | val_loss=1.4386 val_acc=0.333
      ep20 train_loss=0.7632 train_acc=0.976 | val_loss=1.3861 val_acc=0.000
      ep21 train_loss=0.7603 train_acc=0.976 | val_loss=1.5354 val_acc=0.000
      ep22 train_loss=0.7498 train_acc=0.988 | val_loss=1.5993 val_acc=0.000
      ep23 train_loss=0.7789 train_acc=0.972 | val_loss=1.4414 val_acc=0.000
      ep24 train_loss=0.8339 train_acc=0.956 | val_loss=1.4355 val_acc=0.000
    fold acc=0.333 time=392.6s | running pooled acc=0.642

--- Fold 16/26 | test sub16 (4 test, 250 train) ---
      ep00 train_loss=2.0047 train_acc=0.240 | val_loss=2.2703 val_acc=0.250
      ep01 train_loss=1.5886 train_acc=0.500 | val_loss=1.8294 val_acc=0.500
      ep02 train_loss=1.4449 train_acc=0.600 | val_loss=2.1588 val_acc=0.250
      ep03 train_loss=1.2873 train_acc=0.704 | val_loss=1.7059 val_acc=0.250
      ep04 train_loss=1.2361 train_acc=0.696 | val_loss=1.8093 val_acc=0.250
      ep05 train_loss=1.1954 train_acc=0.708 | val_loss=2.0260 val_acc=0.500
      ep06 train_loss=1.1954 train_acc=0.748 | val_loss=1.7059 val_acc=0.500
      ep07 train_loss=1.0040 train_acc=0.796 | val_loss=1.7345 val_acc=0.500
      ep08 train_loss=1.0357 train_acc=0.792 | val_loss=1.9146 val_acc=0.250
      ep09 train_loss=1.1178 train_acc=0.812 | val_loss=1.4749 val_acc=0.500
      ep10 train_loss=0.9944 train_acc=0.816 | val_loss=1.8700 val_acc=0.500
      ep11 train_loss=0.9101 train_acc=0.912 | val_loss=2.1022 val_acc=0.500
      ep12 train_loss=0.8785 train_acc=0.864 | val_loss=1.4401 val_acc=0.500
      ep13 train_loss=0.8361 train_acc=0.924 | val_loss=1.5970 val_acc=0.500
      ep14 train_loss=0.8591 train_acc=0.924 | val_loss=1.3132 val_acc=0.500
      ep15 train_loss=0.8801 train_acc=0.912 | val_loss=1.5454 val_acc=0.500
      ep16 train_loss=0.7634 train_acc=0.980 | val_loss=1.7779 val_acc=0.500
      ep17 train_loss=0.7945 train_acc=0.964 | val_loss=1.2638 val_acc=0.500
      ep18 train_loss=0.7672 train_acc=0.948 | val_loss=1.4654 val_acc=0.500
      ep19 train_loss=0.7820 train_acc=0.968 | val_loss=1.3817 val_acc=0.500
      ep20 train_loss=0.7728 train_acc=0.964 | val_loss=1.5827 val_acc=0.500
      ep21 train_loss=0.7807 train_acc=0.960 | val_loss=1.8270 val_acc=0.500
      ep22 train_loss=0.7771 train_acc=0.952 | val_loss=1.3713 val_acc=0.500
      ep23 train_loss=0.7857 train_acc=0.964 | val_loss=1.5211 val_acc=0.500
      ep24 train_loss=0.8649 train_acc=0.888 | val_loss=1.7777 val_acc=0.500
    fold acc=0.500 time=368.0s | running pooled acc=0.638

--- Fold 17/26 | test sub17 (36 test, 218 train) ---
      ep00 train_loss=2.0228 train_acc=0.183 | val_loss=1.3690 val_acc=0.611
      ep01 train_loss=1.6025 train_acc=0.472 | val_loss=1.0863 val_acc=0.556
      ep02 train_loss=1.3960 train_acc=0.583 | val_loss=1.0673 val_acc=0.694
      ep03 train_loss=1.2830 train_acc=0.651 | val_loss=1.0891 val_acc=0.500
      ep04 train_loss=1.2824 train_acc=0.619 | val_loss=1.0159 val_acc=0.667
      ep05 train_loss=1.2036 train_acc=0.734 | val_loss=1.0119 val_acc=0.611
      ep06 train_loss=1.0531 train_acc=0.771 | val_loss=1.0610 val_acc=0.667
      ep07 train_loss=1.0134 train_acc=0.803 | val_loss=1.0550 val_acc=0.639
      ep08 train_loss=0.9990 train_acc=0.839 | val_loss=1.1090 val_acc=0.667
      ep09 train_loss=0.9472 train_acc=0.853 | val_loss=1.0330 val_acc=0.639
      ep10 train_loss=0.9656 train_acc=0.849 | val_loss=1.0485 val_acc=0.639
      ep11 train_loss=0.9132 train_acc=0.872 | val_loss=1.0616 val_acc=0.722
      ep12 train_loss=0.8674 train_acc=0.890 | val_loss=0.9372 val_acc=0.694
      ep13 train_loss=0.8578 train_acc=0.890 | val_loss=1.0995 val_acc=0.667
      ep14 train_loss=0.8519 train_acc=0.927 | val_loss=0.9163 val_acc=0.694
      ep15 train_loss=0.8153 train_acc=0.922 | val_loss=1.1025 val_acc=0.611
      ep16 train_loss=0.7752 train_acc=0.936 | val_loss=1.0516 val_acc=0.722
      ep17 train_loss=0.8070 train_acc=0.931 | val_loss=1.0494 val_acc=0.694
      ep18 train_loss=0.7815 train_acc=0.945 | val_loss=1.0096 val_acc=0.722
      ep19 train_loss=0.7974 train_acc=0.940 | val_loss=1.0469 val_acc=0.667
      ep20 train_loss=0.7479 train_acc=0.963 | val_loss=1.0034 val_acc=0.694
      ep21 train_loss=0.7581 train_acc=0.963 | val_loss=1.0412 val_acc=0.667
      ep22 train_loss=0.7696 train_acc=0.963 | val_loss=1.0594 val_acc=0.667
      ep23 train_loss=0.7709 train_acc=0.968 | val_loss=1.1295 val_acc=0.639
      ep24 train_loss=0.7133 train_acc=0.982 | val_loss=1.0302 val_acc=0.667
    fold acc=0.694 time=358.7s | running pooled acc=0.649

--- Fold 18/26 | test sub18 (3 test, 251 train) ---
      ep00 train_loss=2.0662 train_acc=0.243 | val_loss=0.8482 val_acc=0.667
      ep01 train_loss=1.5647 train_acc=0.478 | val_loss=0.5974 val_acc=1.000
      ep02 train_loss=1.4277 train_acc=0.550 | val_loss=1.0007 val_acc=0.667
      ep03 train_loss=1.3574 train_acc=0.606 | val_loss=0.6343 val_acc=1.000
      ep04 train_loss=1.2696 train_acc=0.701 | val_loss=0.3935 val_acc=1.000
      ep05 train_loss=1.1726 train_acc=0.745 | val_loss=0.4314 val_acc=1.000
      ep06 train_loss=1.1296 train_acc=0.765 | val_loss=0.3929 val_acc=1.000
      ep07 train_loss=1.0345 train_acc=0.837 | val_loss=0.3711 val_acc=1.000
      ep08 train_loss=0.9866 train_acc=0.841 | val_loss=0.2450 val_acc=1.000
      ep09 train_loss=0.9448 train_acc=0.853 | val_loss=0.3730 val_acc=1.000
      ep10 train_loss=0.9251 train_acc=0.853 | val_loss=0.2470 val_acc=1.000
      ep11 train_loss=0.8788 train_acc=0.884 | val_loss=0.2247 val_acc=1.000
      ep12 train_loss=0.9045 train_acc=0.880 | val_loss=0.3426 val_acc=1.000
      ep13 train_loss=0.7803 train_acc=0.952 | val_loss=0.2945 val_acc=1.000
      ep14 train_loss=0.7748 train_acc=0.984 | val_loss=0.3308 val_acc=1.000
      ep15 train_loss=0.8078 train_acc=0.948 | val_loss=0.2692 val_acc=1.000
      ep16 train_loss=0.8174 train_acc=0.952 | val_loss=0.2075 val_acc=1.000
      ep17 train_loss=0.8015 train_acc=0.932 | val_loss=0.2515 val_acc=1.000
      ep18 train_loss=0.7826 train_acc=0.936 | val_loss=0.1731 val_acc=1.000
      ep19 train_loss=0.7440 train_acc=0.980 | val_loss=0.2416 val_acc=1.000
      ep20 train_loss=0.7714 train_acc=0.972 | val_loss=0.2302 val_acc=1.000
      ep21 train_loss=0.7526 train_acc=0.972 | val_loss=0.2566 val_acc=1.000
      ep22 train_loss=0.7602 train_acc=0.964 | val_loss=0.2057 val_acc=1.000
      ep23 train_loss=0.7502 train_acc=0.980 | val_loss=0.2228 val_acc=1.000
      ep24 train_loss=0.8241 train_acc=0.964 | val_loss=0.2284 val_acc=1.000
    fold acc=1.000 time=363.7s | running pooled acc=0.655

--- Fold 19/26 | test sub19 (16 test, 238 train) ---
      ep00 train_loss=2.0106 train_acc=0.218 | val_loss=1.4082 val_acc=0.375
      ep01 train_loss=1.6934 train_acc=0.513 | val_loss=1.4355 val_acc=0.312
      ep02 train_loss=1.4133 train_acc=0.613 | val_loss=1.1279 val_acc=0.438
      ep03 train_loss=1.4625 train_acc=0.592 | val_loss=0.9757 val_acc=0.562
      ep04 train_loss=1.3529 train_acc=0.668 | val_loss=1.1728 val_acc=0.375
      ep05 train_loss=1.4136 train_acc=0.655 | val_loss=0.7919 val_acc=0.688
      ep06 train_loss=1.1517 train_acc=0.756 | val_loss=1.0643 val_acc=0.562
      ep07 train_loss=1.1026 train_acc=0.811 | val_loss=1.0357 val_acc=0.438
      ep08 train_loss=1.0970 train_acc=0.840 | val_loss=1.1193 val_acc=0.438
      ep09 train_loss=1.0855 train_acc=0.857 | val_loss=1.1681 val_acc=0.500
      ep10 train_loss=0.9923 train_acc=0.849 | val_loss=1.1145 val_acc=0.438
      ep11 train_loss=0.9506 train_acc=0.895 | val_loss=1.2073 val_acc=0.625
      ep12 train_loss=0.9838 train_acc=0.866 | val_loss=1.1151 val_acc=0.500
      ep13 train_loss=0.9386 train_acc=0.895 | val_loss=1.0178 val_acc=0.625
      ep14 train_loss=0.8581 train_acc=0.937 | val_loss=0.9575 val_acc=0.562
      ep15 train_loss=0.8451 train_acc=0.941 | val_loss=1.3297 val_acc=0.500
      ep16 train_loss=0.8413 train_acc=0.979 | val_loss=1.0777 val_acc=0.562
      ep17 train_loss=0.8612 train_acc=0.945 | val_loss=1.1585 val_acc=0.500
      ep18 train_loss=0.8832 train_acc=0.912 | val_loss=1.0994 val_acc=0.562
      ep19 train_loss=0.8836 train_acc=0.958 | val_loss=1.0801 val_acc=0.562
      ep20 train_loss=0.8460 train_acc=0.975 | val_loss=1.1121 val_acc=0.625
      ep21 train_loss=0.8260 train_acc=0.971 | val_loss=1.1720 val_acc=0.500
      ep22 train_loss=0.8588 train_acc=0.937 | val_loss=1.1405 val_acc=0.500
      ep23 train_loss=0.8050 train_acc=0.971 | val_loss=1.2576 val_acc=0.375
      ep24 train_loss=0.8360 train_acc=0.971 | val_loss=1.1618 val_acc=0.438
    fold acc=0.500 time=361.9s | running pooled acc=0.642

--- Fold 20/26 | test sub20 (11 test, 243 train) ---
      ep00 train_loss=1.9557 train_acc=0.255 | val_loss=1.0416 val_acc=0.636
      ep01 train_loss=1.6319 train_acc=0.506 | val_loss=0.9790 val_acc=0.636
      ep02 train_loss=1.4780 train_acc=0.527 | val_loss=0.9138 val_acc=0.818
      ep03 train_loss=1.2501 train_acc=0.646 | val_loss=1.1151 val_acc=0.545
      ep04 train_loss=1.2225 train_acc=0.733 | val_loss=1.1142 val_acc=0.545
      ep05 train_loss=1.1716 train_acc=0.700 | val_loss=1.2965 val_acc=0.545
      ep06 train_loss=1.0182 train_acc=0.786 | val_loss=1.2120 val_acc=0.636
      ep07 train_loss=1.0525 train_acc=0.761 | val_loss=1.0221 val_acc=0.636
      ep08 train_loss=1.0401 train_acc=0.811 | val_loss=1.3663 val_acc=0.545
      ep09 train_loss=0.9415 train_acc=0.819 | val_loss=0.9250 val_acc=0.545
      ep10 train_loss=0.8924 train_acc=0.852 | val_loss=1.3206 val_acc=0.455
      ep11 train_loss=0.9692 train_acc=0.827 | val_loss=1.3673 val_acc=0.545
      ep12 train_loss=0.8864 train_acc=0.922 | val_loss=1.1474 val_acc=0.636
      ep13 train_loss=0.8080 train_acc=0.938 | val_loss=1.2776 val_acc=0.636
      ep14 train_loss=0.7787 train_acc=0.955 | val_loss=1.3824 val_acc=0.636
      ep15 train_loss=0.8201 train_acc=0.914 | val_loss=1.5240 val_acc=0.364
      ep16 train_loss=0.7885 train_acc=0.947 | val_loss=1.5100 val_acc=0.636
      ep17 train_loss=0.7726 train_acc=0.947 | val_loss=1.2743 val_acc=0.727
      ep18 train_loss=0.7742 train_acc=0.938 | val_loss=1.3859 val_acc=0.545
      ep19 train_loss=0.7854 train_acc=0.955 | val_loss=1.5091 val_acc=0.636
      ep20 train_loss=0.7735 train_acc=0.922 | val_loss=1.3968 val_acc=0.636
      ep21 train_loss=0.7455 train_acc=0.963 | val_loss=1.3822 val_acc=0.636
      ep22 train_loss=0.7304 train_acc=0.975 | val_loss=1.4053 val_acc=0.727
      ep23 train_loss=0.7674 train_acc=0.951 | val_loss=1.4154 val_acc=0.636
      ep24 train_loss=0.7767 train_acc=0.951 | val_loss=1.2585 val_acc=0.727
    fold acc=0.727 time=361.9s | running pooled acc=0.647

--- Fold 21/26 | test sub21 (2 test, 252 train) ---
      ep00 train_loss=2.0001 train_acc=0.258 | val_loss=0.9966 val_acc=0.500
      ep01 train_loss=1.6250 train_acc=0.484 | val_loss=1.2289 val_acc=0.000
      ep02 train_loss=1.4460 train_acc=0.607 | val_loss=1.8175 val_acc=0.500
      ep03 train_loss=1.3517 train_acc=0.615 | val_loss=1.5476 val_acc=0.500
      ep04 train_loss=1.2838 train_acc=0.647 | val_loss=1.8332 val_acc=0.500
      ep05 train_loss=1.1835 train_acc=0.690 | val_loss=2.6334 val_acc=0.500
      ep06 train_loss=1.0586 train_acc=0.782 | val_loss=1.3782 val_acc=0.500
      ep07 train_loss=1.0668 train_acc=0.774 | val_loss=1.7917 val_acc=0.500
      ep08 train_loss=1.0171 train_acc=0.810 | val_loss=1.7933 val_acc=0.500
      ep09 train_loss=0.9686 train_acc=0.825 | val_loss=1.7180 val_acc=0.500
      ep10 train_loss=0.9234 train_acc=0.877 | val_loss=2.0447 val_acc=0.500
      ep11 train_loss=0.8774 train_acc=0.889 | val_loss=0.8034 val_acc=0.500
      ep12 train_loss=0.8832 train_acc=0.901 | val_loss=1.4211 val_acc=0.500
      ep13 train_loss=0.8558 train_acc=0.917 | val_loss=1.0749 val_acc=0.500
      ep14 train_loss=0.8071 train_acc=0.913 | val_loss=1.4631 val_acc=0.500
      ep15 train_loss=0.8657 train_acc=0.925 | val_loss=1.3797 val_acc=0.500
      ep16 train_loss=0.7759 train_acc=0.925 | val_loss=1.9950 val_acc=0.500
      ep17 train_loss=0.7547 train_acc=0.968 | val_loss=1.9585 val_acc=0.500
      ep18 train_loss=0.7986 train_acc=0.952 | val_loss=2.4573 val_acc=0.500
      ep19 train_loss=0.8140 train_acc=0.952 | val_loss=1.9450 val_acc=0.500
      ep20 train_loss=0.7730 train_acc=0.976 | val_loss=1.9177 val_acc=0.500
      ep21 train_loss=0.7708 train_acc=0.968 | val_loss=1.8582 val_acc=0.500
      ep22 train_loss=0.7499 train_acc=0.964 | val_loss=1.9230 val_acc=0.500
      ep23 train_loss=0.7670 train_acc=0.976 | val_loss=1.6781 val_acc=0.500
      ep24 train_loss=0.7903 train_acc=0.956 | val_loss=2.1108 val_acc=0.500
    fold acc=0.500 time=364.7s | running pooled acc=0.646

--- Fold 22/26 | test sub22 (2 test, 252 train) ---
      ep00 train_loss=2.0276 train_acc=0.246 | val_loss=2.1413 val_acc=0.000
      ep01 train_loss=1.6476 train_acc=0.472 | val_loss=2.3139 val_acc=0.000
      ep02 train_loss=1.4560 train_acc=0.603 | val_loss=0.9716 val_acc=1.000
      ep03 train_loss=1.3649 train_acc=0.627 | val_loss=1.3743 val_acc=0.000
      ep04 train_loss=1.2936 train_acc=0.659 | val_loss=0.7862 val_acc=1.000
      ep05 train_loss=1.2197 train_acc=0.714 | val_loss=1.0533 val_acc=1.000
      ep06 train_loss=1.0624 train_acc=0.798 | val_loss=1.3966 val_acc=0.000
      ep07 train_loss=1.0970 train_acc=0.802 | val_loss=0.5540 val_acc=1.000
      ep08 train_loss=1.0292 train_acc=0.821 | val_loss=0.3707 val_acc=1.000
      ep09 train_loss=0.9764 train_acc=0.833 | val_loss=0.0447 val_acc=1.000
      ep10 train_loss=0.9334 train_acc=0.885 | val_loss=0.0995 val_acc=1.000
      ep11 train_loss=0.8762 train_acc=0.873 | val_loss=1.0083 val_acc=0.500
      ep12 train_loss=0.8957 train_acc=0.893 | val_loss=0.9605 val_acc=0.000
      ep13 train_loss=0.8656 train_acc=0.913 | val_loss=0.7379 val_acc=1.000
      ep14 train_loss=0.8264 train_acc=0.909 | val_loss=0.4561 val_acc=1.000
      ep15 train_loss=0.8649 train_acc=0.944 | val_loss=0.1750 val_acc=1.000
      ep16 train_loss=0.7705 train_acc=0.956 | val_loss=0.1845 val_acc=1.000
      ep17 train_loss=0.7707 train_acc=0.972 | val_loss=0.7186 val_acc=1.000
      ep18 train_loss=0.8237 train_acc=0.937 | val_loss=0.3988 val_acc=1.000
      ep19 train_loss=0.8249 train_acc=0.960 | val_loss=0.4936 val_acc=1.000
      ep20 train_loss=0.7871 train_acc=0.972 | val_loss=0.4941 val_acc=1.000
      ep21 train_loss=0.7851 train_acc=0.960 | val_loss=0.6178 val_acc=1.000
      ep22 train_loss=0.7676 train_acc=0.964 | val_loss=0.3032 val_acc=1.000
      ep23 train_loss=0.7707 train_acc=0.976 | val_loss=0.4622 val_acc=1.000
      ep24 train_loss=0.8040 train_acc=0.948 | val_loss=0.5399 val_acc=1.000
    fold acc=1.000 time=365.0s | running pooled acc=0.649

--- Fold 23/26 | test sub23 (12 test, 242 train) ---
      ep00 train_loss=2.0035 train_acc=0.227 | val_loss=1.1944 val_acc=0.500
      ep01 train_loss=1.5328 train_acc=0.541 | val_loss=1.0448 val_acc=0.667
      ep02 train_loss=1.4395 train_acc=0.550 | val_loss=0.6904 val_acc=0.833
      ep03 train_loss=1.3807 train_acc=0.603 | val_loss=0.6493 val_acc=0.833
      ep04 train_loss=1.2289 train_acc=0.690 | val_loss=0.9056 val_acc=0.667
      ep05 train_loss=1.1766 train_acc=0.736 | val_loss=1.6191 val_acc=0.667
      ep06 train_loss=1.1407 train_acc=0.752 | val_loss=1.0519 val_acc=0.667
      ep07 train_loss=1.1279 train_acc=0.764 | val_loss=1.0673 val_acc=0.583
      ep08 train_loss=0.9540 train_acc=0.876 | val_loss=0.8681 val_acc=0.667
      ep09 train_loss=0.9569 train_acc=0.847 | val_loss=0.4140 val_acc=0.917
      ep10 train_loss=0.9791 train_acc=0.868 | val_loss=1.2152 val_acc=0.583
      ep11 train_loss=0.9537 train_acc=0.880 | val_loss=1.0361 val_acc=0.667
      ep12 train_loss=0.9304 train_acc=0.843 | val_loss=0.4881 val_acc=1.000
      ep13 train_loss=0.9054 train_acc=0.893 | val_loss=0.4790 val_acc=0.833
      ep14 train_loss=0.8219 train_acc=0.930 | val_loss=0.5948 val_acc=0.833
      ep15 train_loss=0.8398 train_acc=0.917 | val_loss=0.4264 val_acc=0.917
      ep16 train_loss=0.8203 train_acc=0.955 | val_loss=0.5265 val_acc=0.833
      ep17 train_loss=0.8024 train_acc=0.955 | val_loss=0.7072 val_acc=0.833
      ep18 train_loss=0.7967 train_acc=0.946 | val_loss=0.4336 val_acc=0.833
      ep19 train_loss=0.8012 train_acc=0.963 | val_loss=0.5978 val_acc=0.833
      ep20 train_loss=0.7833 train_acc=0.959 | val_loss=0.6229 val_acc=0.833
      ep21 train_loss=0.7697 train_acc=0.975 | val_loss=0.5329 val_acc=0.833
      ep22 train_loss=0.8006 train_acc=0.946 | val_loss=0.5828 val_acc=0.833
      ep23 train_loss=0.7487 train_acc=0.959 | val_loss=0.5321 val_acc=0.833
      ep24 train_loss=0.7750 train_acc=0.946 | val_loss=0.5463 val_acc=0.833
    fold acc=0.833 time=363.0s | running pooled acc=0.659

--- Fold 24/26 | test sub24 (10 test, 244 train) ---
      ep00 train_loss=2.0411 train_acc=0.197 | val_loss=1.5755 val_acc=0.300
      ep01 train_loss=1.5896 train_acc=0.504 | val_loss=1.3945 val_acc=0.400
      ep02 train_loss=1.4229 train_acc=0.553 | val_loss=1.6740 val_acc=0.400
      ep03 train_loss=1.4086 train_acc=0.619 | val_loss=1.5671 val_acc=0.500
      ep04 train_loss=1.2947 train_acc=0.639 | val_loss=1.6034 val_acc=0.500
      ep05 train_loss=1.2234 train_acc=0.725 | val_loss=1.5415 val_acc=0.500
      ep06 train_loss=1.0929 train_acc=0.816 | val_loss=1.4223 val_acc=0.500
      ep07 train_loss=1.0725 train_acc=0.791 | val_loss=1.4145 val_acc=0.400
      ep08 train_loss=1.0273 train_acc=0.857 | val_loss=1.5526 val_acc=0.500
      ep09 train_loss=0.9490 train_acc=0.852 | val_loss=2.0330 val_acc=0.500
      ep10 train_loss=0.9464 train_acc=0.861 | val_loss=2.2511 val_acc=0.500
      ep11 train_loss=0.9108 train_acc=0.939 | val_loss=1.7465 val_acc=0.400
      ep12 train_loss=0.8679 train_acc=0.918 | val_loss=1.4161 val_acc=0.600
      ep13 train_loss=0.9003 train_acc=0.918 | val_loss=1.7675 val_acc=0.500
      ep14 train_loss=0.8362 train_acc=0.955 | val_loss=1.8025 val_acc=0.600
      ep15 train_loss=0.8207 train_acc=0.959 | val_loss=1.8386 val_acc=0.500
      ep16 train_loss=0.8504 train_acc=0.955 | val_loss=1.5124 val_acc=0.600
      ep17 train_loss=0.8058 train_acc=0.959 | val_loss=1.5732 val_acc=0.500
      ep18 train_loss=0.8340 train_acc=0.955 | val_loss=1.7075 val_acc=0.500
      ep19 train_loss=0.8001 train_acc=0.971 | val_loss=1.6544 val_acc=0.500
      ep20 train_loss=0.8263 train_acc=0.955 | val_loss=1.6881 val_acc=0.500
      ep21 train_loss=0.8004 train_acc=0.959 | val_loss=1.6298 val_acc=0.500
      ep22 train_loss=0.8161 train_acc=0.943 | val_loss=1.5000 val_acc=0.500
      ep23 train_loss=0.8071 train_acc=0.975 | val_loss=1.6448 val_acc=0.500
      ep24 train_loss=0.7884 train_acc=0.959 | val_loss=1.6917 val_acc=0.500
    fold acc=0.500 time=362.6s | running pooled acc=0.652

--- Fold 25/26 | test sub25 (7 test, 247 train) ---
      ep00 train_loss=2.0205 train_acc=0.190 | val_loss=1.1911 val_acc=0.429
      ep01 train_loss=1.5221 train_acc=0.526 | val_loss=1.0471 val_acc=0.571
      ep02 train_loss=1.3975 train_acc=0.615 | val_loss=1.4308 val_acc=0.571
      ep03 train_loss=1.3210 train_acc=0.607 | val_loss=1.5825 val_acc=0.143
      ep04 train_loss=1.2576 train_acc=0.713 | val_loss=1.2649 val_acc=0.571
      ep05 train_loss=1.2516 train_acc=0.672 | val_loss=1.0137 val_acc=0.429
      ep06 train_loss=1.1184 train_acc=0.749 | val_loss=1.1965 val_acc=0.571
      ep07 train_loss=1.1177 train_acc=0.741 | val_loss=1.2548 val_acc=0.571
      ep08 train_loss=0.9963 train_acc=0.866 | val_loss=1.2973 val_acc=0.571
      ep09 train_loss=0.9766 train_acc=0.842 | val_loss=1.3714 val_acc=0.571
      ep10 train_loss=0.8830 train_acc=0.862 | val_loss=1.3791 val_acc=0.429
      ep11 train_loss=0.9196 train_acc=0.883 | val_loss=1.6840 val_acc=0.286
      ep12 train_loss=0.8549 train_acc=0.866 | val_loss=1.1741 val_acc=0.571
      ep13 train_loss=0.8314 train_acc=0.923 | val_loss=1.1279 val_acc=0.571
      ep14 train_loss=0.8312 train_acc=0.919 | val_loss=1.1215 val_acc=0.571
      ep15 train_loss=0.8215 train_acc=0.947 | val_loss=1.1712 val_acc=0.571
      ep16 train_loss=0.8261 train_acc=0.939 | val_loss=1.1461 val_acc=0.571
      ep17 train_loss=0.7991 train_acc=0.939 | val_loss=1.4025 val_acc=0.429
      ep18 train_loss=0.7832 train_acc=0.960 | val_loss=1.3055 val_acc=0.571
      ep19 train_loss=0.8070 train_acc=0.964 | val_loss=1.2055 val_acc=0.571
      ep20 train_loss=0.7986 train_acc=0.951 | val_loss=1.2428 val_acc=0.571
      ep21 train_loss=0.7977 train_acc=0.960 | val_loss=1.1607 val_acc=0.571
      ep22 train_loss=0.7829 train_acc=0.947 | val_loss=1.1834 val_acc=0.571
      ep23 train_loss=0.7153 train_acc=0.980 | val_loss=1.3034 val_acc=0.571
      ep24 train_loss=0.7603 train_acc=0.972 | val_loss=1.1167 val_acc=0.571
    fold acc=0.571 time=364.8s | running pooled acc=0.650

--- Fold 26/26 | test sub26 (17 test, 237 train) ---
      ep00 train_loss=2.0800 train_acc=0.173 | val_loss=1.2190 val_acc=0.706
      ep01 train_loss=1.6156 train_acc=0.464 | val_loss=1.0477 val_acc=0.529
      ep02 train_loss=1.4499 train_acc=0.544 | val_loss=0.9813 val_acc=0.706
      ep03 train_loss=1.3052 train_acc=0.620 | val_loss=1.0176 val_acc=0.706
      ep04 train_loss=1.2266 train_acc=0.705 | val_loss=1.1561 val_acc=0.588
      ep05 train_loss=1.1294 train_acc=0.743 | val_loss=1.0300 val_acc=0.647
      ep06 train_loss=1.0288 train_acc=0.751 | val_loss=1.1529 val_acc=0.647
      ep07 train_loss=1.0560 train_acc=0.806 | val_loss=0.7605 val_acc=0.765
      ep08 train_loss=0.9879 train_acc=0.827 | val_loss=1.1447 val_acc=0.588
      ep09 train_loss=1.0096 train_acc=0.857 | val_loss=1.4052 val_acc=0.529
      ep10 train_loss=0.9777 train_acc=0.869 | val_loss=0.8578 val_acc=0.824
      ep11 train_loss=0.8683 train_acc=0.920 | val_loss=1.1682 val_acc=0.706
      ep12 train_loss=0.8701 train_acc=0.903 | val_loss=0.8857 val_acc=0.706
      ep13 train_loss=0.8220 train_acc=0.907 | val_loss=1.0652 val_acc=0.706
      ep14 train_loss=0.8004 train_acc=0.941 | val_loss=1.0162 val_acc=0.706
      ep15 train_loss=0.8191 train_acc=0.932 | val_loss=0.8721 val_acc=0.765
      ep16 train_loss=0.7844 train_acc=0.945 | val_loss=0.8481 val_acc=0.765
      ep17 train_loss=0.7789 train_acc=0.962 | val_loss=0.9266 val_acc=0.765
      ep18 train_loss=0.7550 train_acc=0.954 | val_loss=0.9892 val_acc=0.706
      ep19 train_loss=0.7731 train_acc=0.945 | val_loss=0.9372 val_acc=0.765
      ep20 train_loss=0.7238 train_acc=0.975 | val_loss=0.9180 val_acc=0.765
      ep21 train_loss=0.7985 train_acc=0.941 | val_loss=0.9405 val_acc=0.824
      ep22 train_loss=0.7785 train_acc=0.941 | val_loss=0.9225 val_acc=0.765
      ep23 train_loss=0.7506 train_acc=0.962 | val_loss=0.9352 val_acc=0.765
      ep24 train_loss=0.7440 train_acc=0.949 | val_loss=0.9727 val_acc=0.765
    fold acc=0.706 time=360.6s | running pooled acc=0.654

=== FINAL (pooled LOSO) ===
UF1 = 0.5358
UAR = 0.5460
ACC = 0.6535
per-class F1: obj1=0.526, obj2=0.333, obj3=0.857, obj4=0.510, obj5=0.348, obj7=0.641
per-class recall: obj1=0.600, obj2=0.333, obj3=0.848, obj4=0.500, obj5=0.400, obj7=0.594
confusion matrix (rows=true):
          obj1   obj2   obj3   obj4   obj5   obj7
   obj1     15      0      0      2      2      6
   obj2      0      5      0      0      8      2
   obj3      1      1     84      8      0      5
   obj4      2      0      9     13      0      2
   obj5      2      6      1      0      8      3
   obj7     12      3      3      2      8     41

saved to D:\AI-Projects\casmeII-new-from-sequence-model\experiments\obj6_4ch
elapsed 9435.4s
